"","people","x1","x2","x3","x4","x5","x6","x7","x8","x9","x10","x11","x12","x13","x14","label"
"1",1,-0.109372517746297,0.133785058853727,-0.268832283195216,-0.244126764892346,-0.0295692154682965,-0.155899899798366,-0.13157543394892,-0.224280894636658,0.0722811998912771,-0.00108500591139053,-0.178204815794405,-0.105845795365383,-0.193049879581346,-0.159821154782967,"0"
"2",2,-0.330586725133941,-0.141054704984381,0.192261748137807,-0.215428848554104,-0.10294691279447,-0.161840588561529,-0.079043730008573,-0.142543556382689,-0.20943240432771,-0.229824150134286,-0.243344059441852,-0.454400693096628,0.0933452144976518,0.0531313850859232,"0"
"3",3,0.130181301353376,0.454953130730192,0.405053703452611,0.278900402393818,0.139690816067183,-0.024371066839104,-0.214815000633052,-0.326392808598281,-0.0838148939721046,-0.161373052733574,-0.231696013225342,0.405861813633973,-0.263099208268608,-0.126006080887863,"0"
"4",4,0.0705495755204408,-0.124597400002392,-0.18406956838554,-0.284765221576444,0.133303815182668,-0.104148708826931,0.167801131275206,0.099737845382228,-0.153123148436525,-0.101957260536255,-0.168508170369847,0.053266254591937,0.195825732029417,0.135152769701984,"0"
"5",5,0.261893715159167,0.0326177897424058,0.135640242748825,0.138975859690926,0.0794112814262757,0.0633807129148868,-0.408587723828449,-0.40617535982469,0.171975387455045,0.186646796001712,-0.157115577276513,0.103055982900198,-0.149399319882922,-0.0567914139287247,"0"
"6",6,-0.292201447937555,0.140797162918913,-0.35595517679217,-0.360315989289583,0.148759240209384,0.00895314937753329,-0.171201216790582,-0.299980185910392,0.0563119540176709,0.040574966938743,-0.286582753047988,-0.0530477202383673,0.184430830118502,0.174676552536529,"0"
"7",7,-0.150638370599539,-0.319101860606376,-0.0788564245350552,-0.211879507715899,-0.0437718118561422,-0.187748629709073,-0.155084045440725,-0.285805085534524,0.0570594725544024,0.0408386905462118,-0.162791838223786,-0.442040771840877,0.245385880621639,0.0929431027325953,"0"
"8",8,-0.00802485229917937,0.155669960364057,-0.057481942296405,-0.19906913583771,0.144792700089995,0.0433359189132618,-0.147606938068892,-0.226203406497701,-0.193832187369402,-0.251871476055154,-0.396527607594884,-0.541278837671226,0.251920820772,0.391899598976942,"0"
"9",9,0.0160961435319048,0.073662735987631,-0.0675934034965635,-0.0116600971789534,-0.0167458849985812,-0.237131099113048,-0.520375752645912,-0.55416490331513,-0.070196806093261,-0.0734532443132045,-0.451742470315698,-0.0658805834618766,0.269829917349609,0.350965715523316,"0"
"10",10,-0.247878966542518,0.245998101005441,0.137482493252734,0.173345364297841,0.386232437703718,0.30273103309059,0.0136768532548756,-0.054472939704891,0.186407729136123,0.115119347503172,-0.0587666476891583,0.329161437405404,0.300818267430607,0.297001759599351,"0"
"11",11,-0.110968769385531,0.402256500296977,0.301207681489834,0.260540933886004,0.375601059836954,0.24221912946157,0.0098833358770429,0.16901115054952,0.345343975905017,0.257973233825755,-0.143449972952484,-0.118947934075682,-0.062675959906686,0.0243494927270896,"0"
"12",12,-0.310231892277171,-0.155725267895026,-0.0440234166032991,0.0426666690304761,0.00572314470704632,-0.106104241080797,-0.218341649905013,-0.228166073648582,0.253453344562144,0.220618458006589,-0.155912315883207,-0.036401639717851,-0.344627319106653,-0.321588118981558,"0"
"13",13,0.123344714393374,-0.358386135550334,-0.556971873419962,-0.550519457626436,-0.337931746570526,-0.403489655855565,-0.5691130605509,-0.652731793412138,-0.513321365609308,-0.433053496954193,-0.445827175225005,-0.139226989493941,0.384410651790199,0.394754856737589,"0"
"14",14,-0.268769538991989,-0.0817307546334519,0.198749597151687,0.451320331264519,-0.206609110395412,-0.120034460210371,-0.336073208215641,-0.305606598497853,-0.241141394046353,0.00641437708900392,-0.297886194849601,-0.271775264745018,0.216396590370095,0.108877392365266,"0"
"15",15,-0.620880834163344,-0.0130355862805944,0.177557486062779,-0.0696189217744782,0.158970057078869,0.132923049290006,0.0477579956089898,0.0248581479087333,-0.421420629858594,-0.356253709532926,-0.572181858166868,0.383076529907284,-0.565985810247694,-0.553156605537141,"0"
"16",16,0.189970221957792,0.227596611792803,0.0573887182895064,0.256783825735047,0.573176764948626,0.555748018298469,0.0500443578567082,0.141499553493216,0.521992695633665,0.53328654729874,-0.0168811658231958,0.214880497501698,-0.0427048830006385,-0.140424560280525,"0"
"17",17,-0.203564135143967,-0.140128401565016,-0.164622547298078,-0.0422477365871453,0.319112551219007,0.151196838113815,0.0694256442035242,-0.267676497105781,0.158585454926926,0.17970435128731,-0.338489972710693,0.032342448052166,-0.0486479266398243,0.126146849850156,"0"
"18",18,-0.127578445841761,0.0738183858547803,-0.0324186365184811,-0.00876719650519049,0.137761205047042,0.0362428875527578,-0.253264774303035,-0.175986688933152,0.115487852654281,0.110122065506148,-0.285043192720289,-0.0793087381551777,0.452683323920329,0.369174624461676,"0"
"19",19,-0.113551818512351,0.567433810818077,-0.195738406188332,0.0965704201515238,0.0273606880546067,0.0397054404488338,0.108951343106044,-0.125281093277689,-0.112153437114445,-0.113730875036352,-0.229105428721352,-0.177028146065268,-0.179784325542463,-0.0434186361927063,"0"
"20",20,0.0764957212289355,-0.219903859545892,-0.374759165716948,-0.26422663466141,0.0803174485556235,-0.150004330927908,-0.222036414355177,-0.450143686560048,-0.0197112191084429,-0.166385568618755,-0.153985538566573,-0.0565159531785713,0.111834441222886,0.105426919391386,"0"
"21",21,-0.112314307426698,-0.0347931031343174,0.176731663607158,0.0619592544307837,0.0170719493503872,0.00316783552166352,-0.196671395816645,-0.245176850778354,0.0117672153643955,0.122425532284224,-0.150171946158769,-0.361690405088924,0.177035479268251,0.0781582460623859,"0"
"22",22,0.509464329676122,-0.0613118780589174,0.344783214327962,0.161701074878103,-0.120429197797581,-0.204944353861191,-0.419083501921383,-0.444880826213651,-0.0862512912035605,-0.110540318202787,-0.337869551357933,-0.0287078512831889,0.191422063445939,0.320727731722667,"0"
"23",23,0.115572347456828,0.0178245607018364,-0.378272635971446,-0.64116400902473,-0.108608624334877,-0.173059186992319,-0.239061150727636,-0.250042237227518,-0.171972951161503,-0.0773367397662194,-0.255406792789957,-0.510654293327327,-0.149440806469727,-0.09507626953266,"0"
"24",24,0.0591039353699614,-0.0335025145793358,-0.093984192501759,-0.136843388356076,-0.0463170358628279,-0.229193165554829,-0.127757904021855,-0.302142297539395,0.291463793907246,0.445887021670569,-0.188562989489129,0.154324643680111,-0.383018598398141,-0.211234873429715,"0"
"25",25,0.169204993957491,0.313274091551213,0.123337105295535,0.134091098365565,0.582013052782494,0.478405303885379,-0.0474220401922182,-0.0707211854971576,0.376245863991808,0.308589143071997,-0.163862818754417,0.288814282892962,0.297587107928658,0.317490819000649,"0"
"26",26,-0.173101980388108,-0.0478156193103016,0.193457158022288,0.136396703588944,0.155602781441068,0.0752052059927788,-0.321487413596093,-0.443123012394254,0.0344202867130643,0.0853864177937285,-0.34301283334114,-0.166884151665345,0.0500098275056192,-0.0387562925452336,"0"
"27",27,-0.310879688938577,0.130965847850893,0.0965846606075819,0.183214575853039,0.10294273047871,-0.0330659304114871,0.0650971018565412,-0.01687106230729,-0.00665708362813791,-0.0497344896434466,-0.0217270332467192,-0.162989018727776,0.106020946438122,0.036496578253059,"0"
"28",28,0.0611762343875636,-0.112452754484824,0.217135006366657,-0.144732339683977,-0.370675313831338,-0.345047117684187,-0.434678393486761,-0.389528550391284,-0.409197870843758,-0.391138285321889,-0.486932611472311,0.0019458498044955,0.164293657764298,0.192665558765653,"0"
"29",29,-0.251248460712231,0.289154792470736,-0.225884386003067,0.612841239830076,0.59455667419041,0.171085057593759,0.479628311278156,0.0287014866069548,0.0256527644344156,0.0296939692837408,0.0172561690705171,-0.0944420947649999,-0.313603155546727,-0.32055656135778,"0"
"30",30,0.245243746857397,0.497599172189295,0.219263845718177,0.197765429528729,-0.444252456423389,-0.453964772823886,-0.417599802841903,-0.572834508050209,-0.0852310395598579,0.0820439228592487,-0.410955047361328,-0.204104928197977,-0.325039991913157,-0.370634363945853,"0"
"31",31,0.178268099718793,0.235006533789286,0.250112783950288,0.0124121284245782,0.151815467955899,0.286480286073217,-0.179876166626747,-0.16417450668521,-0.219252416633334,-0.050833257555242,-0.324488482126502,0.118787878994324,0.0699847866375216,0.187586574790928,"0"
"32",32,-0.14272870939653,-0.12402392255529,0.0150194680584858,0.0928839163639715,-0.349268084797008,-0.344201210231444,-0.232650321732765,-0.318468425872336,-0.106913314997924,-0.0252442175844969,-0.250110202592034,0.207699224244514,0.0801319988983734,0.0338641135291599,"0"
"33",33,-0.35734998211577,0.167868686477099,0.0899014563100173,-0.142374401479033,0.118991970979037,0.109359201825433,-0.0177083311456579,-0.133257360317573,0.110713779078475,0.238692829606821,-0.0555805269267682,0.386275977458419,0.127519783913548,0.23529851490621,"0"
"34",34,-0.0530995843760631,0.429680378187076,0.238409151237712,0.151461159676409,0.0497347628376355,0.0605762228024652,-0.421773771544036,-0.380785235439269,-0.0894995483628295,-0.103337787517681,-0.376544155118343,0.0402392772837647,0.116156656224261,0.213983926431119,"0"
"35",35,0.228086816193235,-0.182632459765783,-0.264356386497394,-0.17118676307518,-0.2615931458189,-0.266878626678325,-0.451409961346639,-0.546778789647181,-0.271691221971441,-0.288895390547688,-0.512085973760564,-0.372248231454926,0.0781149856810783,0.186652989960754,"0"
"36",36,-0.180787627860727,0.226172719104943,-0.400416822038493,-0.277691328135704,0.232235787982112,-0.00881229108688741,-0.360226960476085,-0.383027377379648,0.323647785018934,0.233485041827342,-0.193548765468082,-0.418353364541032,-0.186906304003259,-0.281108708860318,"0"
"37",37,-0.0668876853602286,-0.141396849851127,0.0432554882909668,-0.0523302735763252,-0.125235827600235,-0.0485946825417696,-0.243101458324128,-0.359767478926955,-0.534968914023753,-0.434565913067057,-0.579593891432298,-0.145696309177182,0.314412885309918,0.301408462452008,"0"
"38",38,0.0317646405707565,-0.0342331108108768,-0.306532921576938,-0.11710981217125,0.181115016626772,0.0982782712457826,-0.70364820756396,-0.599786197580917,0.200513608768017,0.252356743593932,-0.309441613333634,-0.0177617932546182,-0.0973908101423154,-0.00447264762015686,"0"
"39",39,0.0337300683899767,0.217862924735356,0.118463825282589,0.0455856046723237,0.0441122659705606,-0.120731995995569,-0.5419928893708,-0.631605537030041,0.132143265876781,0.175195341915845,-0.369847813190884,-0.279627511648227,0.299566195195171,0.226186591003845,"0"
"40",40,0.257675323334133,0.0289998360771884,-0.403178140336401,-0.58298027550888,0.268976286198076,0.186223576171407,-0.116180419952597,-0.234397039926462,0.188957148545088,0.173805434800496,-0.104788400397057,-0.0777330100308804,0.49183228836177,0.548942193181038,"0"
"41",41,-0.311808907924029,0.0848589777106057,-0.0993332605644667,-0.111855628750713,0.21987808151295,-0.0525623025427554,-0.266844845847596,-0.359038528102453,0.195847997294668,0.293084721313289,0.206855642820139,-0.406144667750186,-0.0994354293427664,-0.0613453467324137,"0"
"42",42,-0.205952063741162,-0.0861639991830228,0.214801614229084,0.0733858486405551,-0.0850194558025376,-0.354653407717907,-0.103408473573558,-0.406711009020312,-0.00722447761363761,-0.032980110506145,0.0666826435220282,0.157583862530426,-0.154984273994815,-0.141349457263867,"0"
"43",43,-0.0706618559006915,0.290491730364773,0.0201426207902299,0.189970640598395,-0.212567611501136,-0.237701210896962,-0.095823222585984,-0.237405503907962,-0.278422329551431,-0.0828227283011908,-0.288782593353288,-0.101070868449206,-0.148711296573087,-0.264865695691812,"0"
"44",44,0.418361987798984,-0.283198018386103,0.462750195121777,0.0226741462161112,0.319161504679602,0.231252879987815,0.197266438504744,0.128261122507045,0.221828349825725,0.17391284778574,-0.195848054967351,-0.148094358802867,-0.0184940215297694,-0.00962025168018432,"0"
"45",45,0.387857481129086,-0.0810451127514727,-0.23329683911473,-0.377171472259902,-0.0508840229106466,-0.151434950678886,-0.154971702265958,-0.254925489010649,0.241684185122967,0.235766195020536,0.0914743649575182,-0.264134012916269,0.106071214348923,0.0830189544766024,"0"
"46",46,-0.130468443874511,-0.258110419539821,-0.124371169194026,0.23812302811104,-0.242593900049107,-0.352686131724629,-0.363935445739149,-0.433098656403693,-0.487241939443339,-0.482834696720638,-0.673655590289224,-0.124916902514625,0.536605906331524,0.396808770542006,"0"
"47",47,0.0661704206868578,0.356536667365197,0.270729568243316,0.38782246786942,0.239082812948059,0.0289240906442613,-0.402600682345115,-0.482474732666915,0.306951005179806,0.270180093449414,-0.322354563165069,-0.326604238354677,0.166874510774282,0.201359509805578,"0"
"48",48,-0.20585714604713,0.143044714517634,0.0792983949802619,-0.168952490976539,0.329512901970038,0.0959464999558293,0.131986793838573,-0.297409340817633,0.113654708401983,-0.101253810504961,-0.0826379964633379,-0.120965390350933,0.247084019681458,0.335368339384223,"0"
"49",49,-0.199690034647451,-0.42730479454223,-0.160915067832036,-0.191013146170914,-0.261654779618085,-0.429855906654436,-0.405383718777904,-0.52176403227505,-0.51083497391945,-0.484969984052055,-0.521927051052299,0.233615150887596,-0.0925423271730856,0.0120271195819547,"0"
"50",50,0.0105063950035675,-0.000408084862358168,-0.506050114715737,-0.374463348647419,0.0806542638243952,-0.118719271076652,-0.408165663625278,-0.543871247256077,-0.150248824275494,-0.232294953761013,-0.492188566960367,-0.191958090391095,0.0320441522291951,0.149012199420183,"0"
"51",51,0.268076542332769,0.139398008895997,-0.159556732476186,-0.347553839421118,-0.080964031532289,-0.173445299394771,-0.0450295688130419,-0.193155934501211,-0.0693439885941988,0.0321694632652855,0.0161915826535359,0.00275758398662173,0.373986076445528,0.45781483577236,"0"
"52",52,0.428916200323239,0.14179424119329,0.0878938484375436,-0.28438016745659,0.143330584918455,0.132485094308629,-0.0625860200730437,0.0510691722640443,-0.0194733866428443,0.0305602241265251,-0.00111769904036898,-0.228150572922704,0.00703899970291333,0.0487067431624809,"0"
"53",53,-0.257714112644131,0.217153635325089,0.515980174725462,0.462027370538139,0.263912131600253,0.221510776311309,-0.563723303545819,-0.577157277016554,0.185584028141631,0.198419632545272,-0.489111787476661,-0.0701271857057254,0.0307302279010446,-0.0595033858311412,"0"
"54",54,-0.105313796297788,-0.138916475994014,-0.107551908890231,-0.239988025309625,0.0964445921265621,-0.0392597985952766,-0.251202849132994,-0.359451185333302,0.155159748056931,0.0902836336593735,0.0555915948812428,-0.0607079676098936,-0.0214732536434856,0.0141222917201478,"0"
"55",55,0.0995735911312236,-0.171650514648276,-0.177410936513111,-0.0824340954712526,0.0636615339252307,0.0551858563867824,-0.523126026784348,-0.492343947489416,-0.092096053398415,0.0862753452568337,-0.601376524504066,0.160032679656583,0.329375904183715,0.288997828205132,"0"
"56",56,0.192863551814061,0.292012700057457,-0.035843652433874,0.125658316508097,0.412919386169869,0.176442393275595,0.0829667278822794,-0.0594443212872945,0.309994084673815,0.230843853351553,0.131465206528268,0.127096198672521,0.348735409371873,0.327815679717174,"0"
"57",57,-0.269276860006727,0.271141754448547,-0.100740982095822,0.340517751564723,0.163469716673365,0.0556764394507746,-0.161404072831681,-0.15944298198086,-0.0764890969094099,-0.0714246836102413,-0.438060876510149,-0.124822352634752,0.149805036922408,0.165338250993774,"0"
"58",58,0.153521937334603,-0.0297547779784691,0.048217857904469,-0.0884964556897622,-0.195010649097795,-0.186383759925569,0.0104862420550749,-0.134453665279753,0.0524982589555786,0.0651764852011595,0.0426841247533464,-0.29253117996658,-0.187080886645736,-0.241821261542754,"0"
"59",59,-0.269451373754818,0.138216327900841,-0.115980725301512,0.139152615208883,-0.135611785919572,-0.260290611835834,-0.282416605475414,-0.31740820849863,-0.0406086537318135,-0.0285443250359478,-0.322808295620436,0.0499714469964202,0.278820351617955,0.156246974012534,"0"
"60",60,0.140956878225001,-0.124058425720232,-0.0565846762661465,-0.11896653059318,0.020956831021006,-0.190768303682302,-0.159902529622421,-0.266801529877593,-0.02467039605464,-0.138270057089093,-0.209850582013847,-0.259539203252202,0.228990380624909,0.22478851589418,"0"
"61",61,0.434277804617795,0.00432974337495725,0.249206429227291,0.146186893359904,0.232248928573116,-0.00825102202808515,-0.185551104414669,-0.251316187788461,-0.23773847715911,-0.222969371355468,-0.509876811870559,-0.375255516771697,0.0451185446548862,0.14955942882799,"0"
"62",62,0.00886508662091992,0.103171778269459,0.0585348882308617,-0.201221993069302,-0.0779433519699139,-0.0320743498895632,-0.0895527750194942,-0.048279852681485,0.0380428472320562,0.0880480803511773,-0.0940613635984344,-0.426149445520219,0.0627318604178634,0.0773350376491249,"0"
"63",63,-0.249252253117037,0.236271414775708,0.210362560147889,-0.271399710080174,0.435641105419586,0.0307886232394735,0.0672084542780074,-0.22185284236432,0.334274527841055,0.229050343548335,-0.26663045709689,-0.0925570878056167,-0.138655434764732,-0.108030906269799,"0"
"64",64,-0.201426969247269,-0.372825018676106,-0.191658692468119,-0.189928523444776,-0.233764163277276,-0.139116910040346,-0.614129714669827,-0.521687671635704,-0.217595880264909,-0.0411479656653657,-0.637646202604548,-0.390305604666067,0.340623487390959,0.499436253334698,"0"
"65",65,-0.249780450293674,0.570355598856501,0.276328506526107,0.125562638255252,0.331508041320208,0.259378135624933,-0.0498201790379806,-0.233025428564469,0.0835179187082699,-0.0120630308440186,-0.243571383104688,0.0759046236200389,-0.0524625294784964,-0.0993452286994004,"0"
"66",66,0.454041829236164,0.360213517686292,-0.0516834455618857,-0.303656073195371,0.0203519055800947,0.253481084613415,-0.513729499086506,-0.554686258181663,0.0917885199045165,0.236457757021619,-0.616993832709793,-0.0869808431180288,0.0716320384042687,0.268700216951636,"0"
"67",67,0.082031238435299,-0.00222416205838953,0.330367475050088,-0.205697023940029,0.00310915392731567,-0.113727130077577,-0.212576087055758,-0.159555999917519,-0.121130884805528,-0.0218963574555239,-0.17442686148436,-0.00858962269697112,-0.133079585885793,-0.158969565954503,"0"
"68",68,0.257668718626067,-0.0460815879265811,-0.00996128478366491,0.236964058565441,0.218317552296116,0.181796619787599,-0.114484383843071,-0.185433285124992,0.29420563293211,0.338068690234652,-0.195014300525895,-0.297851398855165,-0.0953474193510248,-0.161734474615079,"0"
"69",69,0.0776764052021706,-0.25634158345871,-0.0317429357885284,0.112508959514956,0.0442067229420044,-0.0265410280145466,-0.392805434599362,-0.435869166613126,0.0339393663788749,0.0582990616446618,-0.0709489756822623,-0.173972346109134,-0.114548351697864,-0.0925471236566647,"0"
"70",70,0.50160133937946,-0.147556268440616,0.258639525740936,0.254412436317012,-0.0129014191622873,-0.100203140746623,-0.105226868514619,-0.174781325096439,-0.214938441833658,-0.155337336385496,-0.354989939775062,-0.457373694260427,0.0313156549734676,-0.051032810399138,"0"
"71",71,0.161334783830886,0.266768712093232,0.181723835019367,0.219299459514046,0.346822759772459,0.310404945192769,-0.0515943235473715,-0.221631794877074,0.151744767531341,0.0509102758983027,-0.299481676083315,-0.0395796227434791,-0.0370904743238097,0.093965094020563,"0"
"72",72,0.227598090057532,-0.124343160740768,-0.40795411184504,-0.144448354141219,-0.00158882608534931,-0.106289339998986,-0.0646178199493503,-0.131168962110777,-0.120566910469499,-0.0760158492069658,-0.178631361019962,0.0181976049862272,-0.131779784719389,0.119904948453054,"0"
"73",73,0.130471908500206,-0.413626584151629,-0.526474804329943,-0.487493103785168,-0.18552265820938,-0.259191046219441,-0.356363475533158,-0.466215870440471,-0.329533742983687,-0.326355326514899,-0.399600607237264,-0.0891680404315184,-0.00222475221028927,0.0205410743056098,"0"
"74",74,-0.235317778087128,0.235011569657959,-0.116868795948817,-0.224494648998963,-0.127233126658028,-0.214494666119611,-0.351907639868797,-0.405123305602831,0.0219418258153621,-0.0400446639607521,-0.24470515971152,-0.231313143006651,0.0475674599620631,-0.0567706186075838,"0"
"75",75,0.0936091668080401,-0.0634363360104077,-0.135886394473526,-0.255365533494254,-0.127432583745035,-0.056319897050232,-0.314794435913373,-0.425914865305106,-0.0511691672535232,-0.073229532357397,-0.478930100417453,-0.0366567622884105,0.156023047278945,-0.0420619130974124,"0"
"76",76,-0.208650562954477,0.0538079309154293,-0.113524580887472,-0.216073193813463,0.299357572874949,0.211732578424112,-0.234852521718281,-0.179979936709787,0.580663901270783,0.538411217430934,0.062910613110529,0.362792166650713,0.00728919900687119,-0.0134591301941776,"0"
"77",77,-0.201984443189743,0.147840810521283,-0.123344039898892,0.169276381902126,-0.143559254192363,-0.226451363790384,-0.0731167813084238,-0.282909389789375,-0.10546423797761,0.0221171049656268,-0.1711906934752,-0.266689555140032,-0.299926473769524,0.022699940215435,"0"
"78",78,-0.25642976380658,-0.356941704467168,0.0678007025424681,-0.100402222636477,-0.324310433377818,-0.506487286648372,-0.228713960687642,-0.398969628584503,-0.419549620299359,0.0860277334017039,-0.43903500654591,-0.391282703611045,0.283965587062194,0.563992206278892,"0"
"79",79,0.300424142162607,-0.436318741136696,-0.110839126295982,0.10114256601872,-0.021063873148169,-0.120005125216165,-0.0881584448684745,-0.212839057506887,0.180839239039613,0.163090200493012,-0.327920317881813,-0.146661212320606,-0.164938938992739,-0.134883570720208,"0"
"80",80,-0.134849111611781,-0.0383949017729577,0.0575586285900741,-0.370257823197596,0.279062878916369,-0.159226710713684,-0.0339789127322915,-0.10073266035102,-0.0679715745217216,-0.217173572202429,-0.397189290458337,-0.552661737429711,0.193683878542947,0.263425791111565,"0"
"81",81,0.00567886972203318,-0.0130215188455538,-0.0208751274859459,0.105209898300678,0.118133216776124,-0.0860166590350852,-0.176407021581183,-0.425480866732454,-0.325893144626414,-0.143357130640588,-0.209668170599454,-0.266015927681537,0.084143168647704,-0.00862316810027249,"0"
"82",82,0.197150601568908,-0.115587067492439,0.0132392900494687,0.0129493871104458,0.265583621283522,0.105567642590896,0.120639747876681,0.0315549114104627,-0.221317768195554,-0.213671226058582,-0.328114800007518,-0.0575097960867975,-0.161831126994382,-0.2208973110006,"0"
"83",83,-0.183867991288636,-0.260866730618137,-0.0986841143218235,-0.27769070967372,-0.225717643904732,-0.36297745420929,-0.299667442730551,-0.444135702872662,-0.155082866951318,-0.170098752561894,-0.191616701401091,0.245913592012822,0.582770660086543,0.335440961280316,"0"
"84",84,-0.0624829379640334,-0.072841530082314,0.144591673581608,-0.116624738784042,-0.203984636097806,-0.0800773419254069,-0.225151209149968,-0.342399352513614,-0.00809093987149496,0.156897308717876,-0.4085432382497,0.229365429469407,0.352179007208431,0.250008411724871,"0"
"85",85,-0.0919686534648005,-0.268650626570195,-0.0854431673110586,-0.274581054154538,-0.309884474706074,-0.433993363753874,-0.102424533159004,-0.279181556008029,-0.23890181073637,-0.290645350150651,-0.127041684655209,-0.131604549461758,0.079725259328913,0.151078606552997,"0"
"86",86,0.209998354753006,0.103586083755596,0.150790062371025,-0.120884119570985,0.233359689555773,0.107432912258507,-0.137211676670899,-0.111731565424881,0.24986246246308,0.143210647792271,-0.0322082142448871,-0.212227920660209,0.366874556514209,0.423307408716278,"0"
"87",87,-0.392418999839709,-0.00935407794964205,0.41875675360272,0.016796162922871,-0.323289058884066,-0.446316827868683,-0.421800750296675,-0.498702386997167,-0.279434297512325,-0.194031975412754,-0.394231755940168,0.0955833773573059,0.251019593060327,0.201145945869271,"0"
"88",88,-0.336394805395344,-0.101608551077718,-0.30608304425642,-0.305847643371222,0.071173652072216,-0.087021584313004,-0.0857803588891383,-0.115900939789516,-0.0120997964939482,-0.0200753765896734,-0.390191076893597,-0.145935514223191,-0.190851773450824,-0.182050281940186,"0"
"89",89,-0.223452619726857,-0.107863145342765,0.270729059007873,-0.0541766328327406,0.0998801411298514,-0.0433295389160355,0.0166717214887782,-0.0441256769660206,0.390154969676743,0.33156066405916,0.276244009162569,0.107397900560861,-0.00172740544612933,0.112529296457847,"0"
"90",90,0.145406732786209,0.206042121956349,-0.105181114126786,-0.310195331817999,0.154630192065839,0.132849828698913,-0.0065185552612829,0.0529089666084887,-0.0284000291053719,-0.0498824850274274,0.0678350746155418,-0.160405094375887,0.108156477340455,0.111085530434827,"0"
"91",91,0.0327060199805277,-0.0915643683422026,0.155864642179208,0.141742387914827,-0.0567474910950336,-0.191992677690054,-0.32558886958211,-0.279255613750403,-0.221778316481465,-0.198337235429953,-0.447031866425293,-0.0670781941020877,0.0702223473963896,0.13644377660927,"0"
"92",92,-0.223313185719101,0.143147708352023,0.429867101566524,-0.124821046994223,0.355737564544423,0.302250667945584,0.161754102006888,0.11822756219279,0.122208489649271,0.15638164253016,-0.00404340706789935,0.301333629911008,-0.0463884461755706,0.0268469162689104,"0"
"93",93,0.170500722207428,-0.0718144169392924,0.478430372432187,0.409976114781094,0.171276058641957,0.0788128775735515,-0.0612544250326811,-0.245892885434943,0.171010478286886,0.177313479302778,-0.081934996844276,-0.126674191472441,-0.0462453957003461,-0.0317610500153875,"0"
"94",94,-0.0425407988038638,0.152565608687385,-0.0316089089343215,-0.117534148461489,0.00675632792686619,-0.116510428130427,-0.266256138051407,-0.407450267486284,0.203513861906667,0.204904278508609,-0.218497418872616,-0.267745000302928,0.39554989009713,0.260991091478699,"0"
"95",95,-0.233614909725552,-0.0154607312877283,0.11009414646278,-0.015475295998803,0.311296960577757,-0.0814975312292785,-0.155842863130746,-0.301971564134012,-0.205692259019315,-0.408498733369585,-0.430259244855032,-0.0890130151767581,0.00564844948463634,0.0756156555100833,"0"
"96",96,-0.044276378988548,-0.0625505472540801,-0.218989464324866,-0.488897689219776,0.152316510200085,0.0556060265946148,-0.211023629795027,-0.361908695759704,0.171216261085988,0.201640729588074,-0.11295403108739,-0.0449643618738881,-0.196022157759316,-0.0806026056264847,"0"
"97",97,0.258126007865734,0.310004107298486,-0.222807232423434,-0.312730780504482,0.404467231059293,0.159876162163229,0.180562544560368,-0.0284996117396676,0.463629158180561,0.243338184470949,0.331366940680268,-0.316335797712071,-0.222562395107434,-0.142324160538634,"0"
"98",98,-0.00411425405951937,-0.0901303017342798,-0.423873959484374,-0.201636509082771,-0.409496985420781,-0.549715112597116,-0.427721718597742,-0.504612782130168,-0.501228439801345,-0.542275518216756,-0.351840510955829,0.128037955226663,-0.393238464945498,-0.342654724337834,"0"
"99",99,0.0500813019408909,-0.163342660159172,0.110194046728408,-0.181409355212618,-0.192649743537559,-0.265897267604049,-0.333524873983916,-0.359203696496334,-0.129889713611778,-0.188059945166,-0.281118085007505,-0.0998444959153827,0.0439392404958288,0.0764544738619038,"0"
"100",100,0.150741811407197,0.178073717688176,-0.20215157663595,0.129226616949613,0.0022912823076369,-0.0250290075430964,-0.0307753023652519,0.0261010523032418,0.00426793054956029,0.103869129058399,-0.0675506203108259,-0.0783001832428173,-0.153635542421313,-0.0967854211690709,"0"
"101",101,0.0200733581170019,0.138730458249917,0.186456732377256,0.00650232240158787,-0.0113066031134076,-0.129947209743069,-0.365168534749064,-0.428712854308255,-0.097093109807378,-0.090225563822572,-0.273902007184909,-0.0382729037166745,-0.312640499816173,-0.306277637694238,"0"
"102",102,0.181578356494398,0.239281230857672,0.168561678213116,0.0588958482727481,0.0579674193995182,-0.0590815562422678,-0.0284227656132132,-0.0446496408880523,-0.120068242434553,-0.023762668345202,-0.270495654609368,0.340808100489553,-0.236814050910067,-0.0612161391759736,"0"
"103",103,0.224664905619906,-0.32256214890279,-0.022120169175315,-0.0331839104309202,-0.186684693170155,-0.194837116387999,-0.403275283238903,-0.463475972560571,0.222646928321249,0.258239200742879,-0.267102256100915,-0.293882582357011,-0.0202561783063832,-0.0489835248326789,"0"
"104",104,0.0205447832073341,0.0744859307159892,0.0352005415136274,-0.202812184426646,-0.176622066309481,-0.163262274973191,-0.466031581857429,-0.416575858135421,-0.182896169949888,0.0813276721231965,-0.242178609698411,-0.180552329469377,0.0475884427586684,0.213414222753992,"0"
"105",105,-0.162941042575052,-0.040253852690329,-0.0242328228909997,-0.468479600812477,0.250041774182676,0.116303475015009,-0.239070237962513,-0.473001213205785,0.138216552075237,0.123972544565656,-0.392133376193885,-0.439096898986625,0.194651482261426,0.312933381976229,"0"
"106",106,0.0065876928760055,0.269412210522551,-0.163910704048867,-0.15254017436617,0.0527192206585474,0.05656811730502,0.0208245213943032,-0.185965180722228,0.0144607007022855,0.104345951608199,-0.293604979468512,-0.0615596484531894,-0.144707052026415,-0.141183228586194,"0"
"107",107,-0.0328690515542013,-0.0107006293330421,-0.308412390813187,-0.525448952845288,0.551472046176099,0.396560103955401,-0.0706153053397017,-0.109639882976379,0.536342809313997,0.474512437728192,-0.0224990572179277,-0.0886906697070528,-0.35378236987899,-0.259723421896651,"0"
"108",108,0.115441581913156,-0.35685600950495,-0.376239845940894,-0.0161196221732887,-0.327608668869292,-0.305621982118029,-0.565849309635801,-0.558328759907999,0.0553852843776099,0.0654763899262902,-0.178319272652672,-0.250346240399208,0.196896403394403,0.241716490815878,"0"
"109",109,0.301509655559291,-0.0756642084442124,-0.0340197308473535,-0.0769417082171925,0.0283156343702759,-0.151210700631882,-0.409569543682554,-0.386589698301011,0.0729934903326169,0.0341872081701189,-0.198750518825902,-0.256438327995006,-0.0468627977707106,-0.0187594951275821,"0"
"110",110,0.143591059328692,0.398498337963853,0.112530751973556,0.140809322776128,0.375828754433296,0.281862042861945,0.226698892560308,0.0377278490688589,0.402394280745842,0.473373048519733,0.197838366066091,-0.0150114474468241,-0.116237065051674,-0.225699468710163,"0"
"111",111,0.230856083262438,0.398544858263148,0.144378592377554,0.0485435872242673,0.507200628799833,0.370069897548926,-0.041501482286307,0.282207628731527,0.495949907784538,0.341518150866016,-0.0442248961063978,0.130826167474755,-0.0675154130124695,-0.0141942063088462,"0"
"112",112,0.185995378780393,-0.0996076863399064,-0.123763324880383,0.0399807985658504,-0.388463671911997,-0.3210863470873,-0.397080856151245,-0.407198990140168,-0.256072544707767,-0.0870077646004926,-0.333535985642546,-0.477350111396012,0.357761164273719,0.173398747893382,"0"
"113",113,0.170219303587255,0.135699547109216,0.051399350093055,-0.213560494718933,0.307464328528858,0.131235801234242,0.00147298590965403,-0.0910406106615766,0.0484455031453122,0.163941260719867,-0.0766070507992342,-0.229904752385292,0.0765861388746495,0.0855496461860631,"0"
"114",114,-0.239108165916526,-0.0412946424531334,-0.00187149752531565,-0.153570112074753,0.0117749344111636,-0.24316545229905,-0.112990601609842,-0.344071814445696,-0.221761480708498,-0.295645127811538,-0.305309715846621,0.0954579601994581,-0.455618984208786,-0.355760569480317,"0"
"115",115,-0.297572679123351,-0.139234414488489,0.017266194034083,-0.0544112536801985,0.222229567937084,0.171407990283281,-0.199513444212046,-0.332049507917636,-0.152270031137732,-0.110522056235186,-0.510009617921663,-0.220050112280808,0.178201067291463,0.146864612641629,"0"
"116",116,0.134228873787188,0.00920033373675156,-0.0588145900676657,-0.0225512651514131,0.194394680940742,0.0522179617168283,0.0931918762539767,-0.0158772227919073,-0.0113493955248913,0.0201773815870249,-0.17748602389494,-0.152785524744001,-0.0999705970756144,-0.224033387544379,"0"
"117",117,0.140635030834108,0.238421463110873,0.0978045210577376,-0.0251005088799553,0.024683360254739,-0.100240428316241,-0.318406447804868,-0.38901609696785,-0.0269321980797179,-0.0134309464655267,-0.522270308722266,-0.313104311276322,-0.280597167892356,-0.15635482175072,"0"
"118",118,0.387368091324043,0.238220086000636,-0.364694096820077,-0.342247570882369,-0.0941159602706718,-0.146629680286274,-0.207388837002785,-0.273152845761661,-0.299397540279309,-0.195931966744436,-0.280698573522147,0.0251284456746942,-0.0374399107744986,-0.0662352138686057,"0"
"119",119,-0.199465138953071,0.166498797062584,-0.100127839422656,-0.299033934727695,-0.193600809862446,-0.339053132344311,-0.353861277448371,-0.424929440061409,-0.194851780300904,-0.245243464503564,-0.433780047060892,-0.115187594887121,0.184145914714111,0.163282070212842,"0"
"120",120,-0.410160062940803,-0.0278411080702899,0.00304198894584392,-0.000591046719125174,0.338399392591099,0.273693111336054,0.147587995213959,0.0972843770272858,-0.0788314871720328,0.119315989230784,-0.212268723346505,-0.0574886632650743,-0.215491180128251,-0.200426766597761,"0"
"121",121,-0.34564170583244,-0.0736366829778963,0.101672909042893,-0.0397742785706475,-0.199093717337915,-0.265758671610293,-0.38121350302338,-0.449734060245415,-0.0829674156190458,-0.104869042742179,-0.292515513747184,-0.124238227894862,0.0136483681314413,0.190357268714687,"0"
"122",122,-0.499726102096738,-0.0339055828113389,-0.130557839649963,0.309152648782537,-0.331625519641418,-0.318997725822366,-0.159662814335752,-0.363743417652394,-0.127468242488019,-0.0763225977144083,-0.165364532294568,-0.453951040227614,-0.0876241471452701,-0.119529880675156,"0"
"123",123,-0.270597378135568,0.0952181159910385,0.0571577671825201,0.273312565092681,-0.0321390179763034,-0.225647012061873,-0.429376313407526,-0.557945259445452,-0.120169573796155,-0.092589856080204,-0.67780256351643,-0.0950967176333643,0.45309380524962,0.348124262870815,"0"
"124",124,0.0841197036111154,0.22580255405105,-0.0701889323801153,-0.120206097838503,0.258419282603991,0.230141449607853,-0.172987835074025,-0.0567421924659442,0.0510718610716755,0.0470713984815237,-0.302174154799555,0.206077064515681,-0.214106823683709,-0.190625008064079,"0"
"125",125,0.0578332437120187,0.0412861873067557,0.0394435046189444,-0.131226300403799,0.342506276462331,0.0956204699599493,0.0723593225639276,-0.119121850407525,0.146816322008702,0.129190850787493,-0.10288630902056,-0.0309430287049399,-0.0846069635006153,-0.206944059202052,"0"
"126",126,-0.246210604290585,-0.0171940136585852,0.176969812628507,-0.0121934631921381,0.195281895859112,0.0418755069302605,-0.278195017953444,-0.394140222728221,-0.235184239773175,-0.221327653059309,-0.152292878791874,0.255790372600228,-0.162646941231253,-0.0233811061802749,"0"
"127",127,-0.0979500668617514,0.119462670773766,-0.169085685233498,-0.202747691072936,0.0594827199722577,0.07399072229582,0.00954098392709034,-0.0644611054503122,0.0787565180541603,0.214255404242426,-0.238606358048205,-0.0372057682856916,-0.221951296577404,-0.160409987049187,"0"
"128",128,-0.266422412850146,0.102896203685535,0.0837291474901969,-0.0802898466698946,0.181790152271004,0.244630241426034,-0.293947979579826,-0.0355121023501922,-0.0444570832649352,0.0102824763906371,-0.380552155393006,-0.114519391999463,0.570551267803472,0.636381484878846,"0"
"129",129,0.0139931133159553,0.172376554128935,0.197590605553243,-0.0203063541090617,0.405897084543638,0.280252680366757,0.202378961733842,0.261665232378601,0.205902113814949,0.203542157597142,0.0130217520870198,-0.0346706222601085,-0.0985934475891909,-0.0628750710907147,"0"
"130",130,-0.288844243811861,0.545777127060265,0.213636812950555,-0.141620324212005,0.417544939934637,0.385150254214497,-0.286613338683092,-0.300543469592699,0.490317253368864,0.539970137536949,-0.0993677500757538,0.201732205861981,0.210606824397234,0.256175896386939,"0"
"131",131,-0.273956749058047,0.0671666412722554,0.222814383896829,-0.156276339426546,-0.0975476394919517,-0.146858585775776,-0.0518876396652229,-0.103638601695239,0.0412072442258157,-0.00145973503415067,-0.125796036925538,0.0570091440921584,0.19717236941071,0.199592600742937,"0"
"132",132,-0.0633103698497256,0.307793710767239,0.24532776315381,0.144890408404278,0.338935345651453,0.197688597639687,-0.0381893857566889,-0.0464945991813235,0.220974107086562,0.274858647888821,0.0934321445280327,-0.263590323161953,-0.442746358925444,-0.381354262581276,"0"
"133",133,-0.139823384686745,0.049347607510803,0.0150630204380939,0.139781421846703,-0.20717159833661,-0.207993553341481,-0.455980258499278,-0.449526964622549,-0.222123092157366,-0.159168367055038,-0.326196943548738,-0.210747157418019,0.20232985471972,0.00600368746827087,"0"
"134",134,0.253997731634661,-0.0280728925896976,-0.0812017022033058,-0.213511070588453,0.197956156409112,-0.0244959953358217,-0.0195180587339114,-0.208561454564681,-0.0338091474019701,-0.0363498293209506,-0.341506964611234,-0.181069803989236,0.171427278028395,0.105831740315653,"0"
"135",135,0.167726383239877,-0.129371142513056,-0.00121194825492403,-0.350464748264236,-0.229428864955202,-0.245372299855728,-0.528841418204174,-0.39897281269828,-0.187333135176833,-0.0451659069948648,-0.642674033247125,0.0639850588587638,0.212945660712153,0.113783266969102,"0"
"136",136,-0.0851445854688916,0.322306212964511,0.232238282839723,-0.030556768074526,0.327116222835073,0.137259698377381,0.300900738940275,0.134772547495235,-0.149838333698605,-0.0481428971807423,-0.272566588052829,0.0468502628781547,0.0348515397923126,-0.069930000138879,"0"
"137",137,0.0548190754893678,0.328605655117211,0.182813987549292,0.0617604999004206,0.400287354107097,0.282803223570346,-0.344535138756474,-0.32355614678054,0.36190333798699,0.332472662880743,-0.346708715782228,0.124104090235841,-0.134807948420415,-0.110660267788858,"0"
"138",138,0.159765177075481,0.00276638907297161,-0.115488573130511,-0.370997367598308,-0.0894957300709838,-0.237126994880099,-0.279791874634032,-0.414740321520478,-0.20734442249543,-0.2760613234163,-0.313880707436027,-0.339472386494864,0.0173834542885896,0.0463272454350996,"0"
"139",139,0.0243789134530585,0.210473705739895,0.316036782041898,0.127688307814198,0.082412638146221,0.0500417280693539,-0.273318456734861,-0.255637790928956,0.35380213204257,0.378550191548427,0.0441686353629667,0.164761940660109,0.513229062003808,0.552800240214494,"0"
"140",140,-0.158130202895567,0.154328099955442,-0.185356201313103,0.169980654062472,-0.125297617739264,-0.125095010220732,-0.182256089799882,-0.113705528330804,-0.0870256200597736,-0.0308796147164001,-0.0926263565418294,0.129056568451979,0.014434295204074,-0.120661863972023,"0"
"141",141,0.0506700214208973,0.184549932772279,-0.105101617011212,-0.372609459066951,0.373427262435122,0.168028259129397,0.177469409853764,-0.0436195698033992,0.183987287430733,0.0992714038846153,-0.0209379030014529,-0.166435392460663,0.010522122805228,0.130495815410474,"0"
"142",142,-0.107892417527896,0.354081661160111,0.355694537593814,0.393156735663057,0.276676805868997,0.20245179547168,-0.292419305833898,-0.261929111772858,0.188116664270729,0.17018801289951,-0.311954565362195,0.137708092746722,-0.235680083882049,-0.0416419761923546,"0"
"143",143,-0.1421641818367,0.291438768608315,-0.0806457116710756,-0.568845052979038,0.376945905002254,0.170695244895459,0.0844456714313713,-0.00811172355661112,0.354707793409632,0.33779452871962,0.107983360458997,-0.230993320130782,-0.203665547867408,-0.112100875155988,"0"
"144",144,-0.152833218979753,0.0281717388703081,0.0648646228603477,-0.203657313221615,-0.0311506197302653,-0.163129634752952,-0.108484717522792,-0.150547920061627,-0.232132440138254,-0.193623400054833,-0.157138141120769,0.027223410051998,0.175875729696069,0.524893706189505,"0"
"145",145,-0.0168352667271846,0.0747380605894826,0.128439382139996,-0.00944713809473182,0.522220729030916,0.360284661739251,-0.243990300368168,-0.309010617302838,0.370817299849309,0.328405804431642,-0.232622622628966,-0.121182717969351,0.249666284746719,0.0755140468928409,"0"
"146",146,-0.205677218069847,0.199069813130999,0.342045420708307,0.380897774292366,0.195307601351889,0.0852641651581866,-0.0572200373000031,0.0384736794222658,0.152784572345239,0.0486935228835876,-0.0228191963438199,-0.239860659724391,0.167691361618361,0.362880216471051,"0"
"147",147,-0.0359582102444072,0.109742007402715,-0.235827920534022,0.0659752364960286,0.179155131532408,-0.0902685400912086,-0.25359139318334,-0.436079186489213,0.141336826785077,0.0422784206714889,0.0441360653236756,-0.114791673376826,-0.170418362439338,-0.142459696676424,"0"
"148",148,-0.162905966569989,0.371975003817724,-0.450272065477153,-0.189914519876185,0.0915114693875174,-0.0314366112501771,-0.0693426181112184,-0.169885795821711,0.0862936686448497,0.0871019610619733,-0.0684383170814633,0.0530955047610007,0.360207176153604,0.198221543025649,"0"
"149",149,0.322409370256863,-0.107890644360066,-0.295531549908096,-0.284288156647513,-0.181245246346664,-0.217687208319174,-0.230794581161235,-0.365317036043527,-0.0533230767254221,-0.0155513520652163,-0.130767047464024,-0.167741756030609,-0.12404481997752,-0.101075380091311,"0"
"150",150,0.0839776089996784,-0.237836601598007,-0.0179443800193188,-0.0227468131019966,-0.338452568758823,-0.28472132627702,-0.192540102994511,-0.432771085957303,-0.361368433078624,-0.204444352451857,-0.402855398359805,-0.584802630630011,-0.219947154712765,-0.246586574695694,"0"
"151",151,0.351452483284137,0.283020405328942,-0.272304612838916,-0.254434189249247,0.507674301280596,0.309678507943682,0.201107000231592,0.107190643336298,-0.0662494183866602,-0.146575689814036,-0.158372871114153,0.155546185876104,-0.247720143132543,-0.298806903917119,"0"
"152",152,-0.0706789115419789,0.106052298165245,0.154755126434822,-0.36894424642897,0.241649506708742,0.0937823133986022,-0.257567210472883,-0.440378783813442,-0.0924548593923716,-0.0414650454795129,-0.502144115169078,-0.19208403817999,0.120426680549869,0.0896410146765702,"0"
"153",153,-0.0443079652101433,-0.323005115164394,-0.158822244852317,0.087832526231658,-0.251274502667781,-0.40362275703107,-0.343394665853922,-0.337066949968248,-0.253414639258948,-0.267304299928095,-0.329065120962491,-0.0925672688303385,-0.150196918391081,-0.0633004973732638,"0"
"154",154,0.122811340504312,-0.531240155991125,0.104408090807924,0.0237852113884584,-0.341959972213624,-0.577207522106466,-0.481459542803739,-0.584504331216881,-0.37551526846648,-0.563821460759865,-0.571267642217587,0.255440640537817,0.100361813686373,-0.037066568212207,"0"
"155",155,-0.217861239432251,0.243869303143495,-0.372999972838946,-0.425206478595924,0.191193086686477,0.0869200322893577,-0.183664434055679,-0.182171554491459,-0.426560452803582,-0.40480226145301,-0.670966074175499,-0.379091000535633,0.230917745666679,0.155159796067699,"0"
"156",156,-0.206799110239339,0.307766859183042,-0.0811341966289979,-0.423563429881752,0.264399592355483,0.176765310846315,-0.131348994462217,-0.248894067514043,0.192604235865192,0.288142707731966,-0.228298735763557,-0.0917016824810426,0.145258245489789,0.11915883667386,"0"
"157",157,-0.454782162831442,0.0573051856632375,-0.012259079978619,-0.38421081579104,0.0218795213060834,-0.0338865812612685,-0.338539607376534,-0.308516548969525,-0.335515899912974,-0.28588590370937,-0.503589651085875,0.0698259851399064,0.503081888338197,0.51110053755179,"0"
"158",158,-0.0576623836897916,0.0317914117725235,-0.078444258046496,-0.12019711775846,-0.363585600275942,-0.428419091843374,-0.444326626565131,-0.487116510370933,-0.0804185684015001,-0.0779310491598293,-0.25325397739612,0.106795677828589,-0.278959478075273,-0.0335880953168728,"0"
"159",159,0.0359499595654022,0.337997887900089,-0.306219210372854,-0.373700664614089,0.188597815603663,0.0258512419771075,-0.123651523931943,-0.180511298804581,-0.0856237070325989,0.00617260814552248,-0.210779845654848,-0.351384212056144,-0.313026930581675,-0.0339282126606733,"0"
"160",160,0.417930905238919,-0.0632054911293479,0.22931226479908,0.182671590181331,0.203304020800752,0.0447797259890653,-0.363206181872713,-0.443905343638218,0.323824406710092,0.250311003544348,-0.499982603045233,-0.238730054159709,0.401763869929178,0.263554785308446,"0"
"161",161,0.0604638420647635,0.150436173755331,-0.874768176302437,-0.82064637445258,-0.0831643736899167,0.0697463282427154,-0.377318784008844,-0.21358561890092,-0.208630397014926,-0.174278600486191,0.276057712346881,-0.373468427133929,0.0937326294270092,0.306152921600024,"0"
"162",162,-0.153306436101589,0.0226063083422373,-0.0416876236730694,-0.20688374986554,0.127057609135741,-0.0409057778314763,-0.269550213487291,-0.319857875591102,-0.121699647895105,-0.055391553666694,-0.255067153850422,0.090759825514036,-0.285632604912414,-0.140330699811094,"0"
"163",163,0.375888643710188,-0.0718666991103622,-0.360281124919188,-0.343316536016337,-0.224254322678592,-0.160371301835606,-0.258468241766605,-0.29549857725039,-0.190933359466671,-0.0828067745570489,-0.314354155294703,-0.266662843473581,0.345642935981202,0.307619621192226,"0"
"164",164,-0.0614753763091145,-0.22170655776204,0.0355201808388844,-0.170636471234147,0.0507354762955553,-0.0782895818693697,-0.27469087171456,-0.516891103832089,-0.290288462813622,-0.17804932183955,-0.493635944866372,0.0984065772832194,0.214157076946919,0.171319057128356,"0"
"165",165,-0.0988717917641246,0.0260227721265616,-0.255065319485652,-0.132801450830567,-0.0381912968475913,-0.0724638616204125,-0.0818224763363067,-0.138725478248397,-0.230527072608606,-0.195064618777661,-0.364990080276891,0.00419293042733684,0.373018624858582,0.337617214966646,"0"
"166",166,-0.329324596116784,-0.0368100124638903,-0.101216177583939,-0.440311608939102,-0.141474633644662,-0.310151402957712,-0.25685214894204,-0.418169291638086,-0.431040369880013,-0.356890925456091,-0.532674013274995,0.140271596284772,0.276883812824851,0.383060614996969,"0"
"167",167,0.332315470582752,0.00885519994906432,-0.0737415521788162,-0.185069027696183,-0.251009408513623,-0.194595496756597,-0.173946190375748,-0.204319950964078,0.170848021135096,0.16086939188146,0.0385472891231294,-0.26670224022806,-0.00425397071075456,-0.0532661360931036,"0"
"168",168,0.0300272176786202,0.0415625110678133,0.0584088484319758,0.0267303299152057,-0.305282747275401,-0.337998899689334,-0.312094852128981,-0.364992340711786,-0.311019500247298,-0.288286544218545,-0.324650480938413,-0.242908473891579,0.0569222967483789,0.164585794072253,"0"
"169",169,-0.408907404637863,0.586101663214259,0.443555472651504,0.660905364811796,-0.145290035665033,-0.0971987578951005,-0.41237247511303,-0.42424462705524,-0.157223911677097,-0.0105104822187817,-0.366503181248144,0.152723073894717,0.0887907764353787,0.180923288963963,"0"
"170",170,0.106103730195113,0.249218204943502,0.2061372372075,-0.267365937872075,-0.206826734802186,-0.230292253677247,-0.339558842459121,-0.303519591157331,-0.464106703392777,-0.462690886175993,-0.460726734887353,-0.100632552905268,0.0243654594503695,-0.114270230469071,"0"
"171",171,-0.286465142061929,0.0139790501398045,0.195249311235524,0.15713673022394,-0.0268519979969112,-0.08195052458699,-0.357140876437864,-0.411014261056458,-0.347876961609457,-0.228027587122635,-0.661147850833431,-0.186191214138558,0.460192409057183,0.389393393188584,"0"
"172",172,0.102654319081425,0.0303717199549172,-0.164632174583372,-0.19745091031011,-0.231498858611914,-0.247331756697957,-0.306210823229066,-0.257342020640266,-0.329840189892664,-0.249777906564538,-0.356915100884285,-0.234921383361183,0.280302889241604,0.366548786727283,"0"
"173",173,0.291395196640179,0.0710705438895089,0.292292866589552,0.0994928921365187,-0.0339313452609371,-0.184579273130906,-0.2156929786123,-0.338016852087413,-0.309659879219442,-0.246395207504554,-0.368959151015548,-0.054510035774347,0.186899011194835,0.279283424639061,"0"
"174",174,-0.0510850158078991,-0.0847451690733234,-0.100799086412342,0.0775159820539757,0.215985625528346,-0.0359668164014539,0.142748065937962,-0.139629591211779,0.0588407518450642,0.0248593544638293,-0.0993708107631987,-0.20533184108018,-0.0456884634936095,-0.0904450601730519,"0"
"175",175,0.203174255445088,-0.0779999108957147,-0.0261096236318816,0.0889851820748531,0.112266645248951,-0.000910654027965364,-0.146621973277343,-0.0849430268116134,0.000259263871110371,-0.0119957377269724,-0.350340069850085,0.165890506907144,-0.0795372581549847,-0.106345232779048,"0"
"176",176,0.291035410788146,-0.276740097508037,-0.049393950894307,-0.125659799405793,0.171393929378597,0.0632798492618431,0.108904386062531,-0.00815297049686258,0.142337798414941,0.108166882406616,0.08911150002953,0.155213747824145,-0.223344907800064,-0.27545655113626,"0"
"177",177,0.01410376856575,-0.057333634509771,0.320395818557496,-0.075939841440477,-0.0495478346219846,-0.181609768683506,-0.0281456178629746,-0.32136272663452,0.0391845557791573,-0.00868382335390286,-0.041609739475559,-0.363237870600624,-0.238297417394906,-0.195605488792046,"0"
"178",178,0.118003540152487,0.186823790920513,-0.0511566246988924,-0.318419496219505,-0.137353357367731,-0.213115828932181,-0.422265596392579,-0.45581991848582,-0.108467372108308,-0.0561024446257668,-0.350511951185577,-0.0489344486680903,-0.153128095386034,-0.0604792795602337,"0"
"179",1,0.251539378107258,-0.0445680440922197,-0.28955735587692,-0.275404216549961,-0.201907024645365,-0.164243890708239,-0.467622397339824,-0.379414821132746,-0.24855538861485,-0.269476300590144,-0.492224156917596,-0.102513785891081,0.20735228812618,0.181496918628414,"1"
"180",2,-0.185216585023885,0.075697090682814,-0.444576922129928,-0.293843990789644,0.0771443155274174,0.0335735800537879,0.012480717985871,-0.276776504229739,0.132330732228895,0.225132321704157,-0.0224090909709873,0.154602216059266,-0.311622110326532,-0.281798144210923,"1"
"181",3,-0.122573226520349,0.0151646722237864,-0.253119662241982,-0.351133701558146,0.158891308158779,-0.00315705321749636,-0.272934698156286,-0.373223669090703,0.00765261408719615,0.0877595125567888,-0.29867012298598,-0.236025445718416,0.114865098547416,0.0672735025044905,"1"
"182",4,-0.250308607367876,-0.0901279020126673,-0.288290924226579,-0.424572948841876,0.21848147403765,0.0790934537754515,-0.118892938024743,-0.199881279902218,0.219578769347374,0.207781508764441,-0.0701901532209888,-0.302795906739601,0.140262192605982,0.0601161184474734,"1"
"183",5,-0.153401792262973,-0.286723059413704,-0.358875187933075,-0.396131783725011,-0.268740139474296,-0.346659520220494,-0.316325973814587,-0.474642469893701,-0.302761815188189,-0.220101989469924,-0.225689969356358,-0.098226197201507,-0.0882150335930024,-0.0516421312783231,"1"
"184",6,-0.0442389592750859,-0.216178989470363,-0.286833497434538,-0.31543744644689,-0.406109984799165,-0.396934522666411,-0.347760559096141,-0.271594392425635,-0.169623452519445,-0.0936089612165754,-0.401855727559615,-0.0811334638245974,0.501628101381574,0.455567906919107,"1"
"185",7,-0.00568775354023539,0.110071808622906,-0.0694436481261384,-0.397077134443075,-0.0612698540045466,-0.159060002903072,-0.0232169451812418,-0.208582066181191,0.111633732125492,0.145884617716671,-0.0268592309103018,-0.0554646085614707,-0.144781231933074,-0.287127388652483,"1"
"186",8,-0.239727514182021,0.184429121831458,0.111828386230092,0.0131109826913948,-0.011173198423177,-0.0407172722967285,-0.0846101383510923,-0.187583073766569,0.161150474198227,0.215846483905915,-0.135870443312417,-0.294083241328894,0.313011518956402,0.237861400911479,"1"
"187",9,0.053279132236039,-0.32740331208086,0.0835263141962158,0.118174180404295,-0.48344708762036,-0.58159448930118,-0.499523443220261,-0.40374163821506,-0.465407509097183,-0.310480474173487,-0.607900857681009,-0.130379674077347,0.628724464549851,0.527073191163354,"1"
"188",10,-0.400605608038971,-0.101198120055858,0.0204859160162069,-0.375946091360752,-0.20792854268425,-0.264226311065613,-0.317382170739492,-0.261339878281791,-0.560944460810181,-0.633997320998618,-0.470619197298598,-0.0531452173664321,-0.0801251545046466,0.0219437057778971,"1"
"189",11,0.279721159293668,0.108578624130142,-0.0876536552298892,-0.030365355994134,-0.162137302311824,-0.184222134109953,-0.416660550534117,-0.458462638215551,-0.242973533716147,-0.222714168293697,-0.458949326161285,-0.186388777286245,0.0214418190444096,0.139693879498851,"1"
"190",12,-0.194858093091776,-0.127681680738465,0.295973891229773,-0.00591924085490237,0.0673395399167169,-0.058271176829362,-0.138588812150858,-0.0456588512367191,-0.110463233423388,-0.0423029672983274,-0.14502312545107,-0.0695365115273252,-0.196929659034995,-0.126936218360405,"1"
"191",13,0.0914474089875046,0.223760049936618,0.115925150365634,-0.126090330277117,-0.0229371885383443,0.0648844276467439,-0.226377765606606,-0.310945166790178,-0.136524130374159,-0.0553085936373208,-0.397600950373546,-0.114952862081638,0.382126115167115,0.313153519721046,"1"
"192",14,-0.424033758677454,-0.365342943273978,0.0694967191073043,0.28017263706442,-0.562749803340444,-0.539929318640978,-0.399294697657445,-0.444938474160747,-0.487434630596496,-0.363379413386414,-0.494045161666186,-0.0522740734348122,0.359063833307097,0.275746718821932,"1"
"193",15,0.158562850880745,-0.00341808172564484,-0.024457644295113,0.0131106427743633,-0.162019181977743,-0.175075576410006,-0.526007027551304,-0.506650680353071,-0.0877211309017164,-0.133135292159213,-0.57152032026656,0.312229767120151,0.350451856559889,0.391112788920491,"1"
"194",16,-0.279972638882408,0.378139912930879,0.135951548770309,0.100432686014139,0.123765477708443,0.222692869326475,-0.398503110752686,-0.396673447368867,-0.250294613569264,-0.108155181102977,-0.335478658583219,0.0361755806111405,0.451003343825817,0.420246326405983,"1"
"195",17,-0.0621935302590361,-0.0115719021717392,-0.0811738391948547,-0.427158951155978,0.252430300039396,0.0463796217732281,0.0624734066166615,-0.182636488183726,0.207997174198823,0.121983175643791,0.0448205055652757,-0.304188962630134,-0.0222651999847139,0.143154518264935,"1"
"196",18,-0.143909284394768,-0.169223427654131,-0.204674093067587,-0.271238081930818,-0.161021700499296,-0.211569848976892,-0.577346508640467,-0.598306469650424,-0.0249147448280319,0.0560416940613669,-0.362325030657939,-0.146255891121716,0.211886508977676,0.156797873836514,"1"
"197",19,0.278885234230319,-0.0219994384989269,-0.280927891514294,-0.419125101201442,0.0365772927785341,-0.0687104103540242,0.0672521201038469,-0.077978962010758,0.128184505175497,0.200358432627503,-0.134476812582178,-0.239449634989434,-0.144523129987172,-0.192791508425727,"1"
"198",20,-0.347311139822813,-0.237859775623107,0.171062316766893,-0.0165430480092239,-0.114899146230756,-0.317151855286727,-0.236162876228854,-0.499627706793775,-0.0481246826253066,-0.023394509838063,-0.121502626328443,0.0900927255911618,0.165807508140131,0.120133368769404,"1"
"199",21,-0.195594484395213,0.0229522500979843,-0.138221015359605,0.0242165306965486,0.0558892998694804,-0.175545731442964,-0.0596455762055544,-0.317146182608985,-0.235818337247148,-0.305268876455044,-0.170985703503844,-0.201389526681967,0.221449328309837,0.226963013711144,"1"
"200",22,0.163871292641148,0.0816047144047339,0.0199092697883461,-0.0455177182455672,-0.291267351182931,-0.26029243550857,-0.482343034090078,-0.484026724876021,-0.236919114259423,-0.190050077941037,-0.422347852873566,0.0216861718848727,0.185442159625226,0.118467425148534,"1"
"201",23,-0.183207272936134,0.357105107884258,0.0175383703549091,-0.22277138276844,-0.183707159161602,-0.10148850909561,-0.393364635987694,-0.450815269439715,-0.236241250556108,0.0458191425723381,-0.289233884367095,0.0327218807846547,0.162664616346761,0.333184623763884,"1"
"202",24,0.0665180628888436,0.0463193526008041,-0.0289213819799206,-0.210159017196527,-0.151168731437696,-0.269325927035744,-0.199976627467787,-0.327321464137844,0.180807900806199,0.0881524789520242,-0.179667281498597,-0.370995683844036,-0.174733467050598,-0.0624554761142167,"1"
"203",25,-0.203730457721059,-0.053912176453121,-0.0788240755819536,-0.515804214413685,-0.0726161630091045,-0.105802701895704,-0.409027118414154,-0.474379148336055,-0.056343912919004,0.228566509456993,-0.494547067819613,-0.539292055419785,0.563597764349704,0.670595120632858,"1"
"204",26,-0.0772461348871264,0.0697149411632474,-0.155538108568153,0.238617202706316,0.159596981414848,0.0303730242050373,-0.386037629434331,-0.317931701906877,0.165015254307099,0.118369987281242,-0.248800546251656,-0.30822252269916,0.0889124866164631,0.199753390092123,"1"
"205",27,-0.0334834571544929,-0.322161357869508,-0.203683458815152,0.119243421086783,-0.398632609998448,-0.417870549437417,-0.484234116359741,-0.645255048420961,-0.207601651056529,-0.145991791578134,-0.421796991635714,-0.262453437512036,0.13324478858341,0.237814258644906,"1"
"206",28,-0.591803733210276,0.274683079409726,-0.0766179107858525,-0.061149540891693,0.168070281336076,0.10520941329537,-0.0910094036672634,-0.239060119975145,-0.279872982769422,-0.23533391191827,-0.223543389564204,-0.351442847756706,0.00257397961850296,0.0762689636363104,"1"
"207",29,-0.282671491080003,0.582144343394369,-0.278079184654182,-0.440395608441314,0.256363432442194,0.250538399029516,-0.0913661470822049,-0.0565785067963407,0.172563983371333,0.309046468047207,-0.0214825017468104,-0.54089615159695,0.251935844777379,0.300252289919631,"1"
"208",30,0.0683905310494385,-0.0970288362427723,-0.244602528963025,-0.693077392806095,0.0561853480401094,0.0178200619993615,-0.225694194257515,-0.254545445894244,0.109254288389694,0.182079059438559,-0.195111758086134,-0.224489771269273,0.1442419535747,0.0972315649077839,"1"
"209",31,-0.0310446967040019,0.13963417106866,-0.229462864014441,0.102333369696225,0.318104371637194,0.242794769952999,-0.289596781564564,-0.2776684701969,0.456748924442976,0.413472246720316,-0.271015042678245,-0.205244301707637,0.017102137440646,0.110667365612464,"1"
"210",32,-0.340184411290706,-0.476401661834068,-0.307592221410713,0.058155672019302,-0.580483223663725,-0.565486078147075,-0.534258694205446,-0.636940802285188,-0.218657156758745,-0.0320408347145828,-0.429005248417125,-0.170405229275426,0.0990162256724011,0.0549492134518078,"1"
"211",33,-0.234653029491261,-0.103860655630326,-0.112704620277021,-0.0080639888973242,0.0377822235682922,-0.105048043579278,-0.285645207365276,-0.511522462565157,0.00803648362110492,0.0511311478922264,-0.305647871590847,-0.329047463934629,-0.193123003087387,-0.206622250166303,"1"
"212",34,-0.561649866566906,-0.318639435259247,-0.313259536471967,-0.360170052182888,0.0259553465857426,-0.0129853109175194,-0.0968800671669798,-0.00789676956028852,-0.383213988576214,-0.191215337524357,-0.408038461875845,-0.308308693021186,0.170137999157439,0.0120946622504346,"1"
"213",35,0.235291559124248,0.0866039702138594,0.32158354853726,0.195464997673542,0.149000640021363,0.00875717042277435,-0.469309129468953,-0.543712284093035,0.0823325101452053,0.0793197910891184,-0.508665067717355,-0.12941071765197,0.177260758353313,0.243224014545704,"1"
"214",36,-0.305795730322902,-0.175391055443906,-0.254418776511495,-0.07798349068927,-0.368942782480045,-0.309311463312759,-0.625617416272916,-0.667938074327351,-0.335051794272226,-0.343888260020898,-0.425270171407962,-0.166578530998525,0.155548056897504,0.195011373728447,"1"
"215",37,0.310118601322663,0.287033361574682,-0.000729958635174504,-0.106347000698627,0.124641098764039,0.0660316483701819,-0.463495536811653,-0.332168171440199,-0.0362875500837783,-0.0539114163139721,-0.599234045848727,0.367439288521783,0.316672573280228,0.329047568299701,"1"
"216",38,0.0291982515745941,-0.306011805847758,-0.604671496689224,-0.415072609168752,-0.0828084796473803,-0.212894013398343,-0.302981799895115,-0.4222554154145,-0.124555296558614,-0.100108996455072,-0.309014730251719,-0.556065912382236,0.231749380418878,0.136836647863843,"1"
"217",39,-0.327954245064995,0.246741880552266,-0.276910060574913,-0.200693539286653,0.154005840783599,0.0501229873423912,-0.263709665284781,-0.280341802574191,-0.16438483042484,-0.064137713530549,-0.460816629991939,-0.0659325756873591,-0.00203794478014749,0.103700209163392,"1"
"218",40,-0.172765865152088,0.0287635775972876,-0.203192899168336,-0.415986297848875,-0.240307034391751,-0.338252218137086,-0.244656000971109,-0.289571204048967,-0.21605829614078,-0.222497207487989,-0.36852347649256,0.100819152565772,0.160269133467063,0.0929978384475808,"1"
"219",41,-0.693658100076107,-0.0856829333915698,-0.530254527542226,-0.342187421810707,0.209435116802789,-0.07219182437435,-0.258106233668326,-0.498960234218328,0.0293469697831935,-0.0886445356151998,-0.362532137561693,0.146831393036216,-0.038270559419867,0.10343145566808,"1"
"220",42,-0.0121984205643545,-0.107272828988567,-0.379550928274283,-0.373715372477414,-0.440161282708367,-0.426697618987885,-0.469668969094317,-0.466139919821932,-0.101006828095281,-0.0313380842791739,-0.247463011152445,-0.349077791321583,0.129212785881808,0.125085265158787,"1"
"221",43,-0.126526135440952,0.207380234667385,-0.113720483612864,-0.083487203163438,0.100597208822544,-0.100286055853901,-0.292603314820441,-0.377794883452774,-0.116139262749538,-0.246476335415847,-0.422252971380268,-0.495459430851548,-0.0437021244945345,-0.0399999304728745,"1"
"222",44,-0.395375399216521,0.0558424201391729,0.0370285310007876,0.175369327376853,-0.0146733255429088,-0.270740565537045,0.0317691500049254,-0.389152204510671,0.0381906273253487,-0.0909978888449475,-0.0211297228757439,-0.206731104022691,0.354046685955309,0.102593283686253,"1"
"223",45,-0.243549824661341,0.13675694354805,-0.246920241722734,-0.367898608441083,-0.000130360352764158,0.0550799005090222,-0.00159638063976404,-0.190362379649347,-0.136876414685676,0.0198846781676966,-0.287742753489379,0.0910649504382247,0.366991707515428,0.319706718236659,"1"
"224",46,-0.391187867700331,0.184903481302232,-0.199559828217807,-0.246146526271004,-0.192399014417196,-0.137167200881792,-0.443350969681672,-0.465994140051368,-0.126741711947314,0.0798523215118111,-0.323996235833189,0.278530713241119,0.0957363183836401,0.202313252490551,"1"
"225",47,-0.312750548833664,-0.120609614639612,-0.00196513407110718,-0.159679537874061,-0.354439776428062,-0.510758152602056,-0.408770535065358,-0.619580658062284,-0.44216195744402,-0.433214075075074,-0.356852852738636,-0.0685601612029511,-0.0894990193360578,-0.205430578078082,"1"
"226",48,-0.176735001284599,-0.44676064759936,-0.232900426570762,-0.0235211916387626,-0.384575900101498,-0.471186129295745,-0.662476532372689,-0.652268759905978,-0.17823402626517,-0.18360491808699,-0.609459708547874,-0.673508193589466,0.189127756902749,0.295058847207663,"1"
"227",49,-0.101657745758488,-0.173204208012913,-0.104425448711597,-0.350195832242809,-0.307731556121331,-0.433628399389284,-0.202626918208587,-0.394084850940847,-0.233007938192638,-0.269711726034063,-0.274828539941321,-0.115902389312111,0.0571301684844551,0.0777361227225524,"1"
"228",50,-0.268570171219963,-0.0332751968610312,-0.54161886223263,-0.249073256131712,-0.0533825477502105,-0.23021736432337,-0.27797015424536,-0.308385959358072,-0.117740018060676,-0.0833108132515984,-0.275165701175747,-0.433558432801709,-0.217291272068725,-0.190881881489208,"1"
"229",51,0.227366799159145,0.00521858167165196,-0.475660396959144,-0.541384970185207,-0.203714218125997,-0.324765929940909,-0.28736352329265,-0.33749060222506,-0.196540132002454,-0.131538227786333,-0.472002557339308,-0.63438542499865,-0.110338258318953,-0.179675956525279,"1"
"230",52,0.118427738945971,0.0835252907130963,0.0630460843088314,-0.337565860584246,-0.0194133109607508,-0.115240889309992,-0.310036656979736,-0.422860599204447,-0.326256396252315,-0.291339901094107,-0.630437034234661,0.0448722330595804,0.0606789839294133,0.0529784702456572,"1"
"231",53,-0.357203764093958,-0.39645114831111,-0.33361123309434,0.0884684412014792,-0.378474188296947,-0.424090158723197,-0.575124195772496,-0.413113713564398,-0.321638374734407,-0.278724499612985,-0.512936433659257,-0.55795396031252,-0.0605501962677184,-0.00122130290258279,"1"
"232",54,-0.122916341051101,-0.109044132985646,-0.0371033043663239,-0.396901433023832,-0.306198647879928,-0.375779474049419,-0.466006955693779,-0.492914517148607,-0.326734411483412,-0.223373179307758,-0.436476362210699,-0.253059229395045,-0.0699617299057246,0.0391674996456981,"1"
"233",55,-0.00861943940071212,0.119592439021743,-0.0127534376475832,-0.062165586483683,-0.0148917726971429,-0.235767257221424,-0.354178472960383,-0.538499945745313,-0.163401517531641,-0.189738874369603,-0.388332951425799,-0.0295177473690363,0.427097891461487,0.56038925489799,"1"
"234",56,-0.046846177233343,-0.384597788259551,-0.227492601341719,-0.0422960346589567,-0.0853346101433804,-0.223285261163849,-0.247132653784242,-0.408538207064207,-0.0612062021473436,-0.0128650558521078,-0.270579737650469,-0.334604190909192,0.209461337996809,0.143059479804469,"1"
"235",57,-0.0650015612016408,-0.052668585213145,-0.214467958863545,-0.175817352754503,0.103974321427202,-0.0256097657958213,-0.15185217341842,-0.368444616050737,-0.0226552629586495,-0.0895787677568422,-0.425557127083691,-0.354614519915257,0.152801944737755,0.0982627540177345,"1"
"236",58,-0.293584727951981,0.125275570170981,0.191819702187261,0.166756880268161,0.0251905102690937,-0.275132248439303,-0.337111465786187,-0.564415828678334,-0.0795417578379527,-0.206060642187516,-0.275112216083749,0.217133181540564,0.222602707528876,0.414801548263983,"1"
"237",59,-0.524330334195125,-0.0142594003350128,-0.16642015980249,-0.425055447530342,-0.171457368816438,-0.338200253233558,-0.340957145340656,-0.398862940863828,-0.209072932933132,-0.294442459767482,-0.267658619691942,-0.169130700850993,-0.247678985980656,-0.275548183249949,"1"
"238",60,-0.409143258746762,-0.209989057786906,-0.27504331701003,-0.442356407501977,0.173515640931088,-0.0845762314253031,-0.0573536327314082,-0.191474559712895,-0.297416854673268,-0.246165209904297,-0.401559403682898,-0.195114069885167,0.328544128535687,0.17448044661985,"1"
"239",61,-0.0866259199674772,0.0585334624513841,0.446487943932004,0.27675850769918,-0.0578888727416835,-0.212102594182858,-0.180174594964764,-0.19748124436444,0.0386097093662741,0.113777853013934,-0.348051700622182,-0.0366120224150176,0.00745425067177717,0.0773961063217135,"1"
"240",62,-0.159979503881604,0.288841386027048,-0.306507634045815,-0.367495605326759,-0.0864116729445299,-0.251921980324362,-0.189220158613647,-0.317263205667807,0.103334190217364,-0.114318386565023,-0.0629333006166558,-0.207127916113862,0.19221584880825,0.104942300249149,"1"
"241",63,-0.0481845262352653,-0.348333842245778,-0.132625140430373,-0.244338667339432,-0.0893791922103395,-0.172289001637751,-0.447395721791781,-0.490916155976464,0.0113555306775214,0.100616110538891,-0.353030511223673,-0.0184932992199571,0.49503264991427,0.418524985470762,"1"
"242",64,0.0233061243641803,-0.104359407422344,-0.11287313694453,-0.108675231841339,-0.0729816130579068,-0.368487067922355,0.0565671244729927,0.103892717509122,-0.267813755108866,-0.271414363805995,-0.00163376384552174,-0.121476670370279,-0.00023008948762394,-0.0513097183977902,"1"
"243",65,0.194505613933349,0.23552571848992,-0.16918635047074,0.0377540377622759,0.078615159048368,0.0481642859968208,-0.158849170659305,-0.0463389497234436,-0.0792452728754045,-0.155718028198283,-0.305179772823966,0.0841222662327146,-0.0919901569237764,-0.0796272391659939,"1"
"244",66,-0.0124140748460335,-0.0458533684379841,-0.116348077345854,-0.161996531912075,-0.238175116618174,-0.319595871777518,-0.125483998213412,-0.303153663453063,-0.274527247205648,-0.164703053418526,-0.280826863507061,-0.11074808945296,0.130028280214792,0.0297720841077288,"1"
"245",67,-0.442352735267701,0.0445085088674575,0.186904396327829,-0.0523480316958343,-0.00893987674545613,-0.128218516665537,-0.304185461122629,-0.471816120401901,-0.238564085580413,-0.231140864475833,-0.753227913800629,-0.146702495129707,0.292915746441921,0.298240786654391,"1"
"246",68,-0.298271220331977,-0.0702253691220821,-0.415286558737647,-0.557727242786097,-0.276251002965119,-0.376977630853938,-0.537391805635613,-0.6088218503723,-0.174552858738187,-0.186752532421717,-0.414585401620964,-0.169659813049629,0.299319093060691,0.403158687418217,"1"
"247",69,-0.464601305284177,-0.386863100982277,-0.181138804173225,-0.401441648970696,-0.412495146427389,-0.563059180223396,-0.664326891041831,-0.740076615469019,-0.118730029268271,-0.261723231147789,-0.469023653786083,-0.311813657278187,0.456994011978788,0.470862657316964,"1"
"248",70,0.0172003108841513,0.0136865984393535,-0.308513788012249,-0.19070982370295,0.118056714416746,-0.0409286417922062,-0.403965816187332,-0.601175184836124,-0.143466718849213,-0.247037710120065,-0.284865153387472,-0.0155970755614602,0.303005281418883,0.401195316036807,"1"
"249",71,-0.117704685952332,-0.111105204765085,0.225227410054497,-0.1868743701287,-0.239570276917633,-0.180017136929493,-0.332441626827944,-0.34730598875751,-0.0459854083619252,0.10446436016431,-0.154075496734528,-0.32634259878742,-0.146151115950873,-0.0285530297729646,"1"
"250",72,0.0571146295941705,0.000896397164411409,0.0282462652580446,-0.0114840593178683,-0.110383435395202,0.00325280142084188,-0.458070682791103,-0.251163361422433,-0.269307382854855,0.0567271127248154,-0.564373274711594,-0.401718409050283,0.373524345418175,0.379543055675278,"1"
"251",73,-0.15690107055373,-0.157191260110401,-0.539087868393881,-0.386884066766627,0.136789064041914,0.00548660262026871,-0.512299797155306,-0.516674497102474,0.0907494907802448,0.0296959519552292,-0.40742989363339,-0.0450971010460696,0.555286331927272,0.545586427013363,"1"
"252",74,-0.244833085235988,-0.164467335500862,-0.431878575927359,-0.502125328349936,-0.207690780170296,-0.329058842617797,-0.561373913499908,-0.39577540142138,-0.16551006066293,-0.140301670611864,-0.376131360097848,-0.427937261372652,0.310647150227856,0.455918979451789,"1"
"253",75,0.134127579743052,0.10638816798525,0.00782723594635127,-0.000312434899515232,-0.0332344840887768,-0.284788005752309,-0.504686626028006,-0.590597818798445,-0.357539089326805,-0.362640208452514,-0.66736121626737,-0.302494281556185,0.382081778511072,0.219950649387181,"1"
"254",76,-0.549981573573385,-0.316712783935024,-0.358333734859791,-0.436772548587453,-0.0897955385900391,-0.374935875887479,-0.4525067986305,-0.596385428642581,-0.20477587619293,-0.162589116105184,-0.384034532055556,-0.391480677476375,0.47182401068652,0.501415323994018,"1"
"255",77,-0.23213171727056,0.149841643930387,-0.0312275833663439,-0.0268715785038744,-0.23910861717574,-0.244075254219145,-0.400539954833176,-0.390187516780838,-0.0318323689627656,0.143918023549464,-0.496523385820547,-0.467415541428317,-0.166680557810927,0.148815248802474,"1"
"256",78,-0.466952226564865,-0.363545582805761,-0.0407759949988757,-0.605396206824932,-0.292318089009354,-0.458990629985701,-0.388648780172089,-0.57105974378576,-0.501538340273775,-0.507623484510762,-0.667015186752242,-0.303785545068648,0.394174315640113,0.323244499336419,"1"
"257",79,-0.0156604253519241,-0.148765482152012,-0.037718661056335,-0.0129730822479542,-0.108170180588595,-0.284611995151931,-0.265530380240109,-0.432227286570989,-0.0953696441062976,-0.209721676623133,-0.120373889399177,-0.0319811853942668,-0.0507771288182404,0.084074337637105,"1"
"258",80,-0.156936090211372,0.130832757188439,-0.321278892514045,-0.20754342857567,0.182654314906635,0.0743874817709786,-0.263481791012014,-0.206391375758858,0.0928984128733048,0.131179821377579,-0.304440690347845,-0.436059784016238,-0.260424335718838,-0.343001554885336,"1"
"259",81,-0.240226486435429,0.0428797563048418,-0.0790140382485148,-0.344933148918279,0.286709783045585,0.0225983982060366,-0.312781373438594,-0.169413266488545,-0.0331016351759818,0.173372819298198,-0.0360348021051409,-0.0770520979317954,0.0510374707804367,0.34237343238176,"1"
"260",82,-0.046345232629834,0.245083037874191,-0.373812600664541,-0.626303624341084,-0.0975198111637235,-0.2566532109797,-0.279972519227522,-0.43474736198513,-0.289603394680821,-0.33355543661205,-0.401549173191407,-0.499704205639499,0.141170727433428,0.099172819017405,"1"
"261",83,0.0663655220601809,0.00207700377189328,0.243386757617715,0.102656993703293,-0.149093052650449,-0.273455989272973,-0.132505648961711,-0.0525412479656721,-0.0174835572249654,0.017853429123723,-0.113321212743961,-0.351265862738579,0.0538748606915632,0.0840115863459578,"1"
"262",84,0.143296467196958,0.262026960530227,-0.337148702689128,-0.306683147598737,0.137732291887715,0.179973486948112,-0.157110461869874,-0.161345141312585,-0.0425796164795441,0.114000218436937,-0.380767343693296,-0.150033835086697,0.0832621049844019,0.277329190226314,"1"
"263",85,-0.0082179007162393,0.12766003341373,-0.1917204542757,-0.226497760643709,0.128488340579877,-0.018743567735044,-0.350587131157649,-0.441713519816773,0.036446902615418,0.0770020746539612,-0.327342462466085,-0.419119426174991,0.311619424423079,0.313219986259385,"1"
"264",86,-0.0151901492368116,-0.167398278355747,-0.0521554420908577,-0.391235946414885,-0.201394899225711,-0.31505875928197,-0.582322467344307,-0.650085760742771,-0.456322243694692,-0.337244191036992,-0.558097267718882,-0.381088250026119,0.56287494023037,0.735671979708585,"1"
"265",87,-0.272652391347948,0.107434744894213,-0.194383909406973,-0.268175271340401,-0.189100401045338,-0.373147305159556,-0.331229575695558,-0.439472862963448,-0.177088296266261,-0.108901534097437,-0.391174551716937,-0.387512305107028,0.0715055812804808,0.0606698935531974,"1"
"266",88,-0.301741671822995,-0.141250827881841,-0.546184807491316,-0.558690769072782,-0.0399985775729315,-0.243901028768893,-0.460529822209334,-0.646333110054033,-0.101829425977449,-0.125877297853723,-0.525745714191812,-0.0242235626096217,0.397199479942229,0.406152826829067,"1"
"267",89,-0.353994231216855,0.392567645964937,0.101550204235611,0.126015189802452,0.405673742778889,0.268877530891008,0.00714583850158589,-0.175459820810828,0.235635565715682,0.222405611598028,-0.12121751525748,-0.1182831882028,0.38145733664064,0.426800125966878,"1"
"268",90,-0.233991435342652,0.067646327783288,-0.158010927771194,-0.164024915600904,-0.374056742040592,-0.399185060281662,-0.443179393331145,-0.492362451363749,-0.053819930784575,-0.0357695526702996,-0.379590412892552,0.12588132452333,0.400554549178945,0.60838737273671,"1"
"269",91,0.50011855351773,-0.0684033154619515,-0.0523862012742917,-0.228313110531319,-0.136775150480127,-0.231734178579822,-0.387101126245744,-0.466311001814654,-0.261964734931973,-0.20423635463149,-0.324559427409314,-0.297122161479123,0.0781046758549568,0.133193928344105,"1"
"270",92,0.0328087961449616,0.321808670161197,-0.174380714564943,-0.304320561598149,0.149546550522181,-0.0351812506293806,-0.289598559644057,-0.331388649659902,0.030155110637086,0.0365850902820667,-0.548812891047478,-0.289908006899104,-0.0826889205430444,0.050370621861066,"1"
"271",93,-0.0553186136960003,-0.275383449403321,-0.231050853229249,-0.531552538327473,-0.224362620424801,-0.289344789937865,-0.545025058647633,-0.572657319477058,-0.105756030170874,0.0191845303002356,-0.590800031506109,-0.164855586136991,0.246114320424219,0.510810029202041,"1"
"272",94,-0.158334871689628,-0.247620172881599,-0.422475244323153,-0.437471159628128,-0.00120444291729992,-0.211224958167608,-0.382306736848565,-0.553587874584656,-0.572877627251376,-0.579409897477499,-0.726994469510465,-0.274917456433005,-0.0792553016178471,0.455623481565793,"1"
"273",95,0.0631906896970355,-0.237877108067308,-0.538200272231288,-0.282724800892848,-0.331735479875801,-0.453728190107581,-0.227800798096867,-0.371737708445927,-0.0709547832007218,-0.0517079992474314,-0.405540089699305,0.163995736501474,0.0929734447791282,0.0409168624663547,"1"
"274",96,-0.0386812912473783,-0.25842469795009,-0.289599102810587,-0.395454103632611,-0.33642239528355,-0.459117824108819,-0.483530347909048,-0.584122937201765,-0.58190356846699,-0.337391083160461,-0.721022461173184,-0.231605118616486,0.502204483050736,0.505408953735949,"1"
"275",97,0.0214295162579119,-0.34300164846352,-0.0356758113231066,-0.32885344428205,-0.125913780561517,-0.322731904448948,-0.366039435395748,-0.489262647532025,-0.139983724516034,-0.164526127612242,-0.543786364373631,0.187062643020808,0.152414705235426,0.171980168186642,"1"
"276",98,0.0235959852776231,-0.0525403320110524,0.0092174355381692,0.047701172554629,-0.136925463338862,-0.35501686360324,-0.496743701444606,-0.499886226427392,0.0459870022725357,-0.0668903236576513,-0.219722722990244,-0.144665555683978,0.422939704201286,0.471629755501195,"1"
"277",99,0.137076419970982,-0.20643652045563,-0.284603877796811,-0.190196584816244,-0.34558224713022,-0.471942346621194,-0.435935786979602,-0.644039829550732,-0.427678231304687,-0.245298006575097,-0.632337815869511,-0.376450652519066,0.425479904834,0.397156935900732,"1"
"278",100,-0.376743008439184,-0.104198066378265,-0.211310194958556,-0.224027472738089,-0.376045317861163,-0.36740196831557,-0.438697258158909,-0.460167619938118,-0.238872230876923,-0.194794008894367,-0.351742156016972,-0.301522740814377,0.0994959941606375,0.0566116595502274,"1"
"279",101,0.0559693102354687,-0.15968681262941,0.295611108750096,0.475614016728104,-0.234251573601113,-0.155150441911685,-0.491800623908336,-0.535850481741488,-0.141492887576042,-0.0727631088038198,-0.205081907729454,0.0191357942566117,0.107596456449832,0.308795617877723,"1"
"280",102,0.053357515512425,-0.244684979685827,-0.326989568749008,-0.120564928470085,0.0399044310250279,-0.105321563227701,-0.326111364376264,-0.359838423112986,-0.183694343239295,-0.247147029295981,-0.408477868582302,-0.299845842185703,-0.12407762186701,0.11361175323486,"1"
"281",103,-0.250847073443182,-0.235814773743488,-0.165715615570141,-0.284641322567595,-0.0862836993744515,-0.309974009337411,-0.347482939575049,-0.393868644484346,-0.0474640505967263,-0.18736439966112,-0.288493592016696,-0.378137333404754,0.0492089072739201,0.134676547813951,"1"
"282",104,-0.348594907072392,-0.0255654032344485,0.34631485551933,-0.0325594797176751,0.0964050649592036,-0.0778764304593247,-0.445273678926316,-0.40618906673995,-0.242373167330212,-0.153483977197387,-0.435270906878798,-0.040616820789303,0.097059162515234,0.175771357105702,"1"
"283",105,-0.238752646116956,0.0968806715490398,-0.149888776293124,-0.277976975650372,-0.0506956252777958,0.0272725960275387,-0.493073256353533,-0.450841360282479,0.0814916554294427,0.139831178405407,-0.301844340668266,-0.285492962980451,0.354037915546165,0.432483017504884,"1"
"284",106,0.107701221987303,-0.0152628752264878,0.161681541466309,0.0547157918731016,-0.169936509523429,-0.243075674478801,-0.382813440653247,-0.414889081734829,-0.275935058248115,-0.297778387576141,-0.538048801498575,-0.531580761417879,0.342120697534271,0.333333362732978,"1"
"285",107,0.282743641807098,0.0796658869842937,-0.410702743077649,-0.212927147343938,0.0433663531938693,-0.0947961279934503,-0.443820151880707,-0.468235417936907,-0.0297129899843442,-0.0648647021456288,-0.40616462608396,0.218303205556739,0.208218389244325,0.492983964790842,"1"
"286",108,-0.161901645139346,-0.269186631904682,0.235254371778375,-0.320941622274222,-0.0499490175749718,-0.123205467878471,-0.210376647982451,-0.190789824130892,0.122290178875139,0.220628099700519,0.0169211794189251,-0.651532823941217,0.0218589566118865,0.0858451236061501,"1"
"287",109,-0.126046362820898,-0.197607531377026,-0.137880128321365,-0.20902065544533,-0.355663952833737,-0.4063060828864,-0.57035755655375,-0.708879798315358,-0.330886345803558,-0.0560704399414966,-0.506333972548651,-0.225802531864068,0.0802842678279254,0.0883502059411147,"1"
"288",110,-0.226555542835163,-0.310962714482283,0.038389247752694,0.0493341119845573,-0.228184224480359,-0.171114966807666,-0.539841279584641,-0.639327976211009,-0.544503681223113,-0.494930098044046,-0.610805605735521,-0.353407883706682,0.387396438296912,0.438133134272646,"1"
"289",111,-0.344645345607779,-0.131220903921786,-0.121490019620957,-0.241490229612528,-0.223322207650787,-0.501034212303683,-0.575870076307237,-0.681212470282888,-0.146805076683088,-0.356851908662594,-0.478047209494563,-0.0923523079712174,0.187091524842151,0.467375303925915,"1"
"290",112,-0.39998516027167,0.199168951268232,-0.361782596771945,-0.0279035896348882,0.0574568366003123,-0.0219242186451388,-0.332101606302117,-0.480240968652684,-0.330452253403431,-0.267679167499432,-0.306751784715452,-0.281398937305679,-0.232145644851701,-0.212617700449292,"1"
"291",113,-0.336082265334832,-0.0788792063271915,-0.359898383732484,-0.334207257125378,-0.193274206576168,-0.235471960390557,-0.32150732182768,-0.311832568727061,-0.127242885296895,-0.189726664698741,-0.167608739529181,-0.27868306669052,0.262293285242131,0.00826387587388595,"1"
"292",114,0.062125603975142,-0.0957674690996194,-0.313480570911211,-0.232093369225608,0.186023284561099,-0.0910632144337297,0.0964062011241473,-0.0355247222746447,0.138445392340629,-0.115587567300056,0.121232231913369,-0.229949373161895,0.0388508790707304,-0.000479455212628657,"1"
"293",115,0.109117257606268,-0.244657777320835,-0.0931928010609326,-0.109137871488539,-0.437478241232125,-0.540911393041067,-0.505307095407205,-0.536117491850714,-0.509082870649037,-0.370740961983291,-0.430788105976901,-0.332786018484899,0.340073594861353,0.308054518402798,"1"
"294",116,-0.232556819316079,0.0325739087268962,0.202884488223495,0.296393627715809,0.0302105187958056,-0.047217666915188,-0.40036922200504,-0.287091527860382,0.13066513377293,0.205634968920187,-0.34435938912405,-0.288702209383251,0.471746084167352,0.241008597685157,"1"
"295",117,0.0583425018950517,0.136051216690419,0.0332170841861202,-0.0717677836263311,0.152903464074789,0.0077661783732094,-0.41426661253976,-0.422108441877089,0.155136734439739,0.0196436016581589,-0.231968256485857,-0.143398442926573,0.0297406268689011,0.0956429993063159,"1"
"296",118,0.162860963729195,0.0072590782799884,0.225143478618667,-0.0436645280139552,-0.198594356921221,-0.179425445158284,-0.106150113936402,-0.371838451527382,-0.109461803151656,-0.0999667829712927,-0.165856036809019,0.171719828383934,0.171445581902615,0.172065931052412,"1"
"297",119,-0.0698046198006955,-0.254049166081089,-0.339969844489546,-0.0284682227063176,-0.0767330036387389,-0.39102769698133,-0.541523924517498,-0.596995294502596,0.118532856466458,-0.0696331086413856,-0.330879702415985,-0.140263085406832,0.291050220781835,0.317533098538041,"1"
"298",120,-0.185071677640563,0.204095713745172,0.177544983642299,-0.183257724695273,0.414007046176004,0.329001312532265,-0.391848003737165,-0.425688072483625,0.0950954183821596,0.125622884364314,-0.411457162086583,-0.24500534052362,0.162585332965686,0.380631788292594,"1"
"299",121,0.0951826203804602,-0.22940329106025,0.0334676407625487,-0.207725719443414,-0.133111742981762,-0.212336952147472,-0.321798904299665,-0.268316960656135,-0.118556506265736,-0.149415239542647,-0.245996355600055,-0.336896729820824,0.253370790498859,0.183646781321963,"1"
"300",122,-0.0537923620284146,0.0251792379800209,-0.357698157664657,-0.411278006725681,0.117677204165508,-0.0250206418904015,-0.134743597712682,-0.27908939290149,0.12563917650035,0.18413365670355,-0.243918746176238,-0.444378166002402,0.36481297572485,0.416343950224557,"1"
"301",123,-0.0788770402786795,-0.247213255845756,0.0416960166809767,0.192827949772696,0.0435682588201483,-0.126881870948105,-0.713215937690194,-0.658510416679713,0.155055004263923,-0.0486544796584916,-0.226498716572364,0.0210577027521788,-0.39410161508118,-0.152091808943149,"1"
"302",124,-0.0945284753985146,0.203982072777099,0.146925945138786,0.0908133210707128,0.133219065500398,0.18409409129393,-0.409324680610371,-0.366843381800907,-0.0457345750472907,-0.0450758338079728,-0.405727883248327,-0.597559842251202,0.180119407958362,0.195460509020004,"1"
"303",125,-0.20266597271454,-0.166999841208226,0.262266884297694,0.0764854249127091,-0.0600253277390121,-0.291717914662728,-0.398450013344282,-0.536777055096855,-0.0765258003001878,-0.048825965562241,-0.489650513635365,0.128758825685787,0.254767053385067,0.396808714735295,"1"
"304",126,-0.0170391327078672,0.019564014143453,0.0832202113487384,-0.267676929700239,0.0680413227791234,0.0535005722425288,-0.186084357487206,-0.208103436901314,0.159244120315652,0.24089012878405,-0.0469041665968288,-0.0361768732516724,-0.0716685042309968,0.0747091847509825,"1"
"305",127,-0.14365870003723,-0.260423875229554,-0.121972688449857,-0.158539891642385,-0.115175523731688,-0.242635082014961,-0.595691842578196,-0.684437586524202,-0.49656588918964,-0.364605517936837,-0.61774118039805,-0.326958160666582,0.172857301193568,0.328408584008735,"1"
"306",128,-0.332007793065343,-0.209525693454818,-0.38305604452414,-0.0417980564947803,-0.0432895234499134,-0.217097427528411,-0.284520333257856,-0.410537529050287,-0.391137564843615,-0.344191268340801,-0.562827202166875,-0.332118795646568,-0.0457743006947743,-0.0850735336946845,"1"
"307",129,-0.072870315881691,-0.287572215208431,-0.439899034284332,-0.42372198681598,-0.408708223972098,-0.453795024261599,-0.367741985697808,-0.368527789535165,-0.039414730492622,-0.109000301487953,-0.367096058375591,-0.208986713718507,0.147972254437836,0.0657385870101647,"1"
"308",130,0.0224206037195202,-0.288138743094959,-0.253360675181416,-0.186061359095014,-0.189211746936276,-0.201139879243026,-0.300984826046178,-0.470408687666937,-0.320963290212881,-0.164419689758411,-0.384303769395478,0.0276192488498414,0.245643881071255,0.0687534531431957,"1"
"309",131,-0.320571218830857,-0.407025142865157,-0.11634268956902,-0.309499139157668,-0.199145546478419,-0.378835277983031,-0.329114142249377,-0.5351973237324,-0.211724119498313,-0.20415258350002,-0.31852974176453,-0.324916354860681,0.292728386764396,0.303405009061205,"1"
"310",132,-0.0090078233069123,0.318850339094459,-0.148027611853638,0.00838918770668998,-0.0221717315831036,-0.0135698239740042,-0.274586679580712,-0.238818075358864,-0.0612990606825981,-0.0434907402122768,-0.251204602836816,-0.42150080420512,-0.0819094398393244,-0.102887683533035,"1"
"311",133,-0.248726422039867,-0.115110695093563,-0.377875245693889,-0.545825871107891,-0.0854079921945868,-0.188580633981378,-0.310410792861752,-0.346375051714965,0.165305661267528,0.0769200366109487,-0.0887370327941663,-0.426008872153298,0.0799410095098697,-0.0780365873621869,"1"
"312",134,-0.0978819956593406,0.135159507664899,0.102349665796425,0.309734494915508,-0.0382837381098565,-0.0483347237076292,-0.512577149951533,-0.465271539835456,-0.0742441620142234,0.0590690080061351,-0.378771771634237,-0.114521902980715,0.330837987760587,0.402656941211615,"1"
"313",135,0.0497372004892781,-0.00870967857730098,0.11026932214098,-0.313518526381678,0.0734562581246867,-0.0154235067193056,-0.104913976498377,-0.186365726744935,0.105966123047343,0.0420396659456349,-0.145108230173689,-0.115676665642574,-0.12966521358865,-0.351765755038771,"1"
"314",136,0.289497596024284,0.156331921754352,-0.155917917109667,0.200278029917599,-0.134584569231841,-0.00475978084353142,-0.469994363841855,-0.487721964314551,-0.277069197246352,-0.0205987756040765,-0.480883302316248,-0.164970133591119,0.339387602286713,0.408440429996814,"1"
"315",137,0.0585173392120994,0.119600541679444,-0.179204464740418,-0.35129457621829,-0.388276077509513,-0.258027501518841,-0.368147775941676,-0.267585131518397,-0.0394003508679251,0.0273629743072823,-0.583700134667228,0.154142505724973,-0.234316352616014,-0.282266322606814,"1"
"316",138,0.318528821714978,-0.0145096315784529,0.00226870642308334,-0.183649560921716,0.0704374264936651,-0.0520078069357699,0.0587770608338533,0.00236402385581599,-0.0525949809421236,0.0117595508848988,-0.0716921773007423,0.0351630541622341,0.312698915455919,0.161000270825503,"1"
"317",139,-0.254920855761105,0.0446539628355857,-0.473095497456169,-0.389123713748936,-0.259687417479037,-0.400352591042634,-0.352858475396641,-0.471671407405659,-0.518035180026766,-0.583368142683966,-0.528492697983674,-0.199256406406365,0.0851115359206096,-0.0775157642055915,"1"
"318",140,-0.124216379215859,-0.569746389237103,-0.417799695167371,-0.312231883984834,-0.504184058474324,-0.601521474600904,-0.537443555855017,-0.583170018522336,-0.117974357240502,-0.0977971542370275,-0.371632259553453,-0.426111165270713,0.357572803888382,0.377449992205749,"1"
"319",141,0.0153355732514019,0.0704750698918255,-0.00102959792293007,-0.0711162493779801,0.0189249579652468,-0.184654343024938,-0.455797812032605,-0.548998313997098,-0.294386011488804,-0.189998371047966,-0.180737338171352,-0.153519335573505,-0.296435138756082,-0.301059211200357,"1"
"320",142,-0.191952365286247,-0.0551822065248789,-0.275578853971473,-0.473047223046573,-0.0500031184954447,-0.246830412599066,-0.163903857926755,-0.430326346285647,-0.380525423360562,-0.38699083420962,-0.446865465568882,-0.0473544150583489,0.465501918743574,0.652620537071131,"1"
"321",143,-0.115178096597351,0.0773614143268696,0.200679786737432,-0.132653021150442,0.173483480536554,0.0982356814852887,-0.140806861688253,-0.0411817883007626,0.202453273777028,0.146547355046286,-0.0302471566327628,-0.115543212645676,0.235284234725421,0.245358212614734,"1"
"322",144,-0.269378080807999,-0.250116247132031,-0.074490328167761,-0.0825622723746941,-0.175956464696843,-0.309569178977093,-0.22475677560023,-0.26787176270191,-0.297089463116241,-0.320843398226581,-0.0553348599517972,-0.323918571137438,0.112027334781031,0.0943503401639975,"1"
"323",145,-0.034783387830178,0.178873716625125,-0.237775874286419,-0.138329465709203,-0.177268285318663,-0.0502301518524185,-0.304184303487613,-0.34838817975695,-0.404465192081411,-0.215198623535518,-0.421554339917009,-0.231701318555919,0.253029909944994,0.183367396585557,"1"
"324",146,-0.138371966972655,-0.234962572594631,-0.0166157783664729,-0.165853816408865,-0.170019687585631,-0.221581074760232,-0.475838670535183,-0.532207325834537,-0.52618367956317,-0.384575955997258,-0.624863198290278,-0.372941856798957,-0.100315363597937,-0.101226877180682,"1"
"325",147,0.0915759082423947,-0.309429450454522,-0.101240913882442,-0.319383102752846,-0.306818109792629,-0.388620057979518,-0.306304129267262,-0.518535047445655,0.193853923189411,0.238999229447954,-0.166440413018118,-0.157369759809588,0.269139382508063,0.159671045802907,"1"
"326",148,-0.147622471505705,0.0936018287854895,-0.171198754983933,-0.152607586083013,-0.168647490267401,-0.137460504884457,-0.483659373505013,-0.41461857054018,-0.269763600459384,-0.159904566311681,-0.553257471257923,-0.0479122768658059,0.141300322087653,0.194411885481655,"1"
"327",149,-0.222570147874274,0.012917932059273,-0.124593754283648,-0.399921876526768,-0.141618662302223,-0.341772184097314,-0.536022436970803,-0.598422746779495,-0.220485601354275,-0.233521399475872,-0.538492033962227,-0.470483070232655,0.264503331927076,0.351880941713636,"1"
"328",150,0.0019322254476396,-0.355216871164319,-0.022720211702281,-0.113472458318186,0.0318410992574425,-0.189092278719179,-0.0290247074589276,-0.311834867654854,-0.214643133227307,-0.0724590277737421,-0.0814338491044087,0.0207508111301366,-0.0404962134247671,0.114221564387407,"1"
"329",151,-0.193072356481132,-0.209773314494818,-0.203592131179297,-0.281271278138531,-0.341043814060825,-0.501058134219231,-0.407136597685604,-0.491494001948389,-0.55636747795083,-0.464370794244689,-0.102860556159125,-0.084248031580118,0.00730780717063182,0.059985579569585,"1"
"330",152,-0.168230026138984,-0.154305027668838,-0.306765688821533,-0.405027894205918,0.187137738927714,-0.0202906694622293,-0.295268754922799,-0.426236081335168,0.0781961627963207,0.13821570699402,-0.332012946020009,-0.182029528591039,-0.176537763695913,-0.154814781043228,"1"
"331",153,-0.31043618033613,-0.191164190153466,0.101151622043487,0.0305863752264536,-0.227267927726334,-0.143769754908669,-0.0829610516150869,-0.0652666434063884,-0.409890240611942,-0.343095386669686,-0.200950080422379,-0.429894367549391,0.197034770342922,0.121773296577119,"1"
"332",154,-0.247615077311161,0.133368664619955,-0.355441922138784,-0.283277655223294,-0.386458048414289,-0.407070090551796,-0.397225157899789,-0.474612925019447,-0.381574257046272,-0.297375917074963,-0.477688803262783,-0.192751008743748,0.0545607685606229,0.0145072939612962,"1"
"333",155,0.160363427818521,-0.270203015679047,-0.00566752300668438,-0.345989477687216,0.322150131379641,-0.0218738599434623,0.0183719290413514,-0.319351262159306,0.279087281289208,0.340452098271426,-0.133937809899678,-0.0127815098830141,0.198752376624264,0.162069029959254,"1"
"334",156,0.0401745649153273,-0.197227378377825,-0.0792503648483118,-0.0948648321712817,-0.0830234957923196,-0.169905591266395,-0.176678684340923,-0.408013971607789,-0.299441773637103,-0.162431969902464,-0.15867501846198,-0.358429624347134,0.0247638411575271,-0.033149040783074,"1"
"335",157,-0.260661423561925,-0.188621785127224,0.119899965726569,-0.0360668889882316,-0.574471406471711,-0.604963070414489,-0.624726112096156,-0.655407814895335,-0.612261324807757,-0.539271874679618,-0.592834574194922,-0.281002982879995,0.419491659383418,0.290291900221473,"1"
"336",158,-0.137244587967448,0.0144289457490996,-0.252730951443909,-0.432095004618226,-0.12908048622736,-0.19987563478847,-0.00898615537076706,-0.232906308340071,0.0588721160834516,0.0181353408251565,-0.222723480351035,-0.399948822627553,0.197978875255398,0.155256397461306,"1"
"337",159,-0.133925500658576,0.465154383824814,-0.231353782249486,-0.0640223111899152,0.466412156455676,0.421425719411888,-0.449195124124895,-0.418974946923385,0.245145271299895,0.195351166923865,-0.214610027955611,0.248933708337954,0.170704590669955,0.0350900025283453,"1"
"338",160,0.0019949933924878,-0.315303427185058,-0.223847596253223,-0.197866837910252,-0.0469221389996714,-0.309668456789962,-0.237281905225606,-0.508042873591176,-0.185373488828483,-0.290707625601252,-0.365448314749456,-0.11276597817227,0.579358000968402,0.421083813502123,"1"
"339",161,-0.146355863255713,-0.476968777814851,-0.0979333204031023,-0.240318951073753,-0.518567548584692,-0.551605682291378,-0.618327139989199,-0.689839684017278,-0.564225903751937,-0.454693968436648,-0.697683604151829,-0.287082523903136,0.464278970731309,0.410932375430305,"1"
"340",162,-0.438294341997328,-0.00343945812541761,-0.0222017112054528,-0.571698875176635,-0.351216587497117,-0.504164802004869,-0.47115867935422,-0.453155692335419,-0.375111451103922,-0.487661228553051,-0.425471274572213,-0.509728114672646,-0.117052612896621,0.0597331282867666,"1"
"341",163,-0.218822160173308,-0.359104649045895,-0.203919405950284,-0.285333483866373,-0.258957953236671,-0.35690821738845,-0.4299861055209,-0.587713126755148,-0.177747953890598,-0.203434282914573,-0.348924352129149,-0.282093599801535,0.585420169417299,0.53512964670891,"1"
"342",164,-0.461690325506773,0.063840582798286,-0.51721493640988,-0.626993928664666,-0.146690680258729,-0.272962889643365,-0.575216603443241,-0.731543697496608,-0.335644584739608,-0.31984872160573,-0.299243102820442,0.303401453427389,0.333276697115103,0.287839915535272,"1"
"343",165,-0.152457567148146,-0.127867182765752,-0.223101968142573,-0.412278539558192,-0.364042178851783,-0.487913148522307,-0.509127111754527,-0.718083239291542,-0.645351353695552,-0.469800103421234,-0.706125428580767,-0.278155360424247,0.399718991961801,0.329072208808037,"1"
"344",166,-0.112843409675123,0.0216238951045736,-0.152699861532158,-0.197017409343222,0.0429584965127026,-0.187055425598648,-0.212389957775667,-0.470595271040192,-0.0852840134256475,-0.0993356938531393,-0.302863873101792,-0.139416996063097,0.39957435230576,0.543488582524651,"1"
"345",167,0.197304141797677,-0.352936265602863,-0.48677924028396,-0.555730713747618,-0.0078652169769034,-0.0484913374446586,-0.141638416041333,-0.226326127950911,0.127529059691357,0.199523203922695,-0.0095031556864234,-0.142949090158987,0.118266431054921,0.0575542608738416,"1"
"346",168,-0.184220059530407,0.173987075968735,0.137262734876603,-0.179741925268096,0.169137844124722,0.126048734099318,-0.0400861709007205,-0.117652328226529,0.10330816963401,0.208841270214904,-0.114408387503955,-0.361711943408191,0.162626684743858,0.0790551911217341,"1"
"347",169,0.246241948166727,-0.188477471773297,-0.588068114727456,-0.600616786996969,-0.440994393311327,-0.455887599615621,-0.429050543748707,-0.375023037939994,-0.542111587215509,-0.434510755931852,-0.564727071401911,-0.441379377403362,-0.145082911060574,-0.181330560703022,"1"
"348",170,-0.43679546248608,0.0478708240612825,0.292864400593478,-0.0123629653342296,0.0670091436075725,-0.0876111344511831,-0.118775474012113,-0.136233692074748,-0.0973021985167159,-0.173888267087833,-0.239378266271079,-0.130128462663669,0.117635633715731,0.0998188711750427,"1"
"349",171,-0.207308201550546,-0.191796412573594,-0.483339931618452,-0.447789351968221,0.172821812903599,0.0155387238978002,-0.145773142994987,-0.103643761616548,-0.0932716037602378,-0.119482317907951,-0.361190756725865,-0.480161301777022,0.0149479146129786,0.0423847940940307,"1"
"350",172,-0.116447962610335,-0.0886406147883146,-0.647444304697264,-0.505469839158329,0.110683943964872,-0.0132448304422242,-0.0869284569649904,-0.219805012075037,-0.246779046701643,-0.290385847662162,-0.474596409570272,-0.115796859330284,-0.0643315531135072,-0.0547679771854045,"1"
"351",173,-0.0469217212320361,0.177981800021118,0.0555329097235063,-0.0453568823182158,0.158618045828481,-0.125241589580748,-0.356736673904425,-0.683529323231856,-0.0798603227516125,-0.115942069552849,-0.233597955125045,-0.267071609195026,-0.114621345080895,-0.0151466172391594,"1"
"352",174,0.383569832661714,0.0471781870937446,-0.216287788283718,-0.060362804001072,0.0488558708806616,-0.130179610042556,-0.239105260580691,-0.359867891062601,-0.0841865899608363,-0.144817654475572,-0.252816422895315,0.0887080429677654,-0.00745853667298319,0.172207636920001,"1"
"353",175,-0.120033666315572,-0.367874250887756,-0.150742641343472,-0.0663263516826848,-0.311676846892214,-0.434368657647241,-0.437161847842187,-0.462970010068546,-0.14666592812634,-0.0862711312158544,-0.27964152139335,-0.262939093226556,0.0843798414223629,0.0577391213175365,"1"
"354",176,-0.374376684871157,-0.0509092846929376,0.109919109807228,-0.251880818051138,-0.152354527343063,-0.225527826956182,-0.453754852254059,-0.526533179215796,-0.436503415249134,-0.3755030132635,-0.630075699457505,-0.105824867573802,0.538181784836315,0.49464501500527,"1"
"355",177,0.11917514142941,0.0619957643746382,-0.473253122172773,-0.325574763742272,0.122894658581046,0.108802561056571,-0.295230815743821,-0.293930033791379,0.23318685654197,0.287097662292654,-0.485422752696118,-0.225459310662299,0.154193818763062,0.308556964960499,"1"
"356",178,-0.477151636064329,0.0740196247502366,-0.379247172283951,-0.459591173756758,0.0176478586106669,-0.0663633416102389,-0.43902694465598,-0.502318107571987,-0.323439434701931,-0.297927602362,-0.647388360088448,-0.366771826223077,0.0718399334878108,0.0175694676676414,"1"
"357",179,-0.373267537215088,0.0931104768305574,-0.49339304560082,-0.398788527748984,0.0259293978058403,-0.0979055302082538,0.198371080102829,0.18334064908485,0.137709955805581,0.0235650100924685,0.20792271275865,0.0644673446135165,-0.00757459906429088,-0.150940915672903,"1"
"358",180,-0.223501981804478,-0.275366529595832,-0.20081356748235,-0.161847938531158,-0.306029145721826,-0.46418219771327,-0.335360656770528,-0.605965654945551,-0.321123213881629,-0.186056670136815,-0.541103223920337,-0.485173688504514,0.52230142757314,0.482954669282002,"1"
